Date,Trade Volume
2014-11-01,38569972.59373859
2014-11-02,28711350.70534258
2014-11-03,40772300.42284785
2014-11-04,35073797.880440444
2014-11-05,44434915.106879316
2014-11-06,43131102.62856433
2014-11-07,40263476.29477718
2014-11-08,30212775.72296773
2014-11-09,51466025.86583119
2014-11-10,62274660.836041614
2014-11-11,45679773.63975148
2014-11-12,234617998.94235379
2014-11-13,338849744.1846642
2014-11-14,263499968.5892329
2014-11-15,99179350.3470273
2014-11-16,95731301.28432417
2014-11-17,152824089.08328944
2014-11-18,109440633.05073106
2014-11-19,84367865.3742223
2014-11-20,93722502.0366924
2014-11-21,100624477.55914839
2014-11-22,68856354.94119315
2014-11-23,71063869.31374641
2014-11-24,116848548.38822386
2014-11-25,115570302.47559404
2014-11-26,92282203.67741974
2014-11-27,70974036.26141815
2014-11-28,91254232.81791146
2014-11-29,100952560.51474999
2014-11-30,74926943.90674321
2014-12-01,64120830.50054466
2014-12-02,66841251.26995943
2014-12-03,74772912.71073525
2014-12-04,62639548.33058211
2014-12-05,57857463.42592923
2014-12-06,48428933.75856517
2014-12-07,38514374.875024594
2014-12-08,66593741.913184226
2014-12-09,88924869.65991856
2014-12-10,59696950.62553664
2014-12-11,118502898.82834333
2014-12-12,50698218.39649164
2014-12-13,38735004.41273056
2014-12-14,44354135.28957544
2014-12-15,30644200.622725755
2014-12-16,71798679.48126574
2014-12-17,76239460.27345972
2014-12-18,90976235.79233617
2014-12-19,60607669.3459044
2014-12-20,64328493.85057997
2014-12-21,58024786.31176
2014-12-22,51126866.96604784
2014-12-23,58571793.10819222
2014-12-24,37974791.61572064
2014-12-25,75362825.06098935
2014-12-26,93256490.21344973
2014-12-27,145862961.0588076
2014-12-28,67051620.38671447
2014-12-29,99471184.46915883
2014-12-30,71609763.01677348
2014-12-31,71036111.34880373
2015-01-01,46999364.08867299
2015-01-02,38855906.30053607
2015-01-03,118778941.40912902
2015-01-04,205500148.96968707
2015-01-05,155038125.45582142
2015-01-06,97002895.97640781
2015-01-07,110674232.97875299
2015-01-08,86570544.47058573
2015-01-09,83478400.2771182
2015-01-10,92683835.63260388
2015-01-11,73256737.91089578
2015-01-12,78982214.88677162
2015-01-13,215752219.9219919
2015-01-14,236006920.8178313
2015-01-15,257637517.29041365
2015-01-16,176217465.4940408
2015-01-17,106431481.13147792
2015-01-18,118664232.7276146
2015-01-19,105545327.33818196
2015-01-20,94312137.93638834
2015-01-21,99166469.19882473
2015-01-22,151229886.42783546
2015-01-23,126038219.2115576
2015-01-24,134933345.06544757
2015-01-25,142426844.88892275
2015-01-26,401755946.5274641
2015-01-27,339951744.7443284
2015-01-29,161971565.54864252
2015-01-30,105832532.60469383
2015-01-31,92459195.63435939
2015-02-01,100844154.3350744
2015-02-02,108043831.20772208
2015-02-03,135790231.88905972
2015-02-04,83155505.15562138
2015-02-05,74142168.01402433
2015-02-06,88164946.84338237
2015-02-07,80694160.19495533
2015-02-08,76979240.31280218
2015-02-09,79154588.47482522
2015-02-10,66708973.92079521
2015-02-11,65150873.75436823
2015-02-12,51632481.43908263
2015-02-13,137045816.2260813
2015-02-14,165435433.7487849
2015-02-15,199965387.6619376
2015-02-16,128976204.99927545
2015-02-17,121468767.5434641
2015-02-18,88821471.77949807
2015-02-19,71396084.8246788
2015-02-20,80482172.09597999
2015-02-21,64143296.199941635
2015-02-22,74180476.06972592
2015-02-23,61755698.92656742
2015-02-24,58732103.48183354
2015-02-25,57584610.05522578
2015-02-26,44991044.50687964
2015-02-27,137186494.71170896
2015-02-28,85884430.30666418
2015-03-01,58106060.44444854
2015-03-02,93658288.66772273
2015-03-03,128754965.89965025
2015-03-04,119553919.98697218
2015-03-05,98543018.35211967
2015-03-06,74704492.0402275
2015-03-07,50059694.67622344
2015-03-08,45050575.22814669
2015-03-09,111062141.12648012
2015-03-10,129285347.54407713
2015-03-11,73794326.12201199
2015-03-12,65277495.588918425
2015-03-13,67739327.34903467
2015-03-14,63244191.82668233
2015-03-15,32203956.61897762
2015-03-16,60818266.22008967
2015-03-17,50540130.74794698
2015-03-18,123648767.77025563
2015-03-19,133194355.06279549
2015-03-20,59404464.50294682
2015-03-21,54148215.13499707
2015-03-22,51503307.06679215
2015-03-23,73040649.64393184
2015-03-24,153991184.32363835
2015-03-25,175875957.5910767
2015-03-26,148675593.25572366
2015-03-27,90325941.05609
2015-03-28,82125758.55914597
2015-03-29,84472855.7931449
2015-03-30,96641741.12450412
2015-03-31,76545513.49477836
2015-04-01,78230800.04911813
2015-04-02,95206093.35512507
2015-04-03,94243302.29425739
2015-04-04,63959131.20365665
2015-04-05,82969308.75347461
2015-04-06,83832524.03554013
2015-04-07,88508043.4273131
2015-04-08,106548662.28337547
2015-04-09,93749435.17178354
2015-04-10,110710603.09814687
2015-04-11,87634999.71721902
2015-04-12,62271722.260468975
2015-04-13,87796699.14598
2015-04-14,109539415.0915327
2015-04-15,71588917.36395298
2015-04-16,88471192.53868681
2015-04-17,101386584.09915563
2015-04-18,70165374.02114585
2015-04-19,58633108.40665714
2015-04-20,63561423.223313816
2015-04-21,80763824.9531341
2015-04-22,72515582.86551493
2015-04-23,55130032.39951651
2015-04-24,73282646.18860614
2015-04-25,58830426.88734985
2015-04-26,96999963.63035093
2015-04-27,95409417.4905671
2015-04-28,71643965.12343475
2015-04-29,56781693.77813109
2015-04-30,103785827.2593271
2015-05-01,74708330.707501
2015-05-02,61431426.38713984
2015-05-03,86630763.25450982
2015-05-04,84138462.79309112
2015-05-05,71871894.07356025
2015-05-06,70623213.73756033
2015-05-07,74887945.15831198
2015-05-08,79882346.22687149
2015-05-09,79529081.71071678
2015-05-10,67810639.80677219
2015-05-11,70787411.31238237
2015-05-12,60882937.62553394
2015-05-13,50100818.287086904
2015-05-14,56975125.501362815
2015-05-15,39256136.30427565
2015-05-16,26856157.042346757
2015-05-17,24401603.48024925
2015-05-18,33772801.85844162
2015-05-19,31085021.505248632
2015-05-20,28778007.286285885
2015-05-21,27373179.763544746
2015-05-22,54518478.95936304
2015-05-23,47757592.65993454
2015-05-24,29761665.976133663
2015-05-25,30834563.231427405
2015-05-26,30268982.762250736
2015-05-27,30728765.83133291
2015-05-28,26801090.327187903
2015-05-29,31108417.12996518
2015-05-30,31403744.863089006
2015-05-31,23353985.64778831
2015-06-01,43602264.82379089
2015-06-02,32062237.057725612
2015-06-03,30472196.11636243
2015-06-04,29003069.45899297
2015-06-05,32252691.587104306
2015-06-06,18238445.735281847
2015-06-07,24133822.467004918
2015-06-08,40449914.18863471
2015-06-09,36746856.38036806
2015-06-10,29194036.771787077
2015-06-11,28833233.41266869
2015-06-12,29722314.849446375
2015-06-13,29012321.272587787
2015-06-14,35303170.71466479
2015-06-15,46839294.423419096
2015-06-16,96364192.87222852
2015-06-17,100630046.35212404
2015-06-18,67360540.67947954
2015-06-19,60767655.66479779
2015-06-20,55692672.674818866
2015-06-21,26531885.052744597
2015-06-22,41166801.74969953
2015-06-23,37387508.430996
2015-06-24,39616260.29622073
2015-06-25,34244051.08008979
2015-06-26,34005665.062683985
2015-06-27,49080095.21505225
2015-06-28,40522516.655076645
2015-06-29,73197757.00524
2015-06-30,99893250.06832577
2015-07-01,68104997.64448473
2015-07-02,52711167.626877494
2015-07-03,42339288.96608291
2015-07-04,42932957.07889688
2015-07-05,96139966.48557808
2015-07-06,111884711.19735701
2015-07-07,64748934.30717278
2015-07-08,79366281.26047984
2015-07-09,75940632.19947487
2015-07-10,113799594.1409435
2015-07-11,114394387.16569845
2015-07-12,115546321.24017799
2015-07-13,130058766.78659293
2015-07-14,74446013.37027897
2015-07-15,52932167.70111447
2015-07-16,97423601.54430674
2015-07-17,60573486.78209071
2015-07-18,52505422.1849008
2015-07-19,26896009.893020075
2015-07-20,40729476.381133035
2015-07-21,43239135.22644978
2015-07-22,43240737.35047461
2015-07-23,34164576.518917255
2015-07-24,79396118.75259325
2015-07-25,54859994.563074075
2015-07-26,40248392.33013304
2015-07-27,63540197.33148093
2015-07-28,63623601.6003042
2015-07-29,52624701.467293404
2015-07-30,43880110.290356554
2015-07-31,63971590.58757594
2015-08-01,53533745.82603215
2015-08-02,46165536.822869964
2015-08-03,41411646.7104373
2015-08-04,48308760.90560098
2015-08-05,43424335.531163365
2015-08-06,41914107.67785419
2015-08-07,47637462.16841643
2015-08-08,80056216.9967666
2015-08-09,67863178.91055241
2015-08-10,60783290.21756031
2015-08-11,64124892.99653497
2015-08-12,73043602.38810194
2015-08-13,57163446.795025095
2015-08-14,61280618.55732058
2015-08-15,38131976.86865548
2015-08-16,55868003.65302729
2015-08-17,51730292.4009465
2015-08-18,49833133.79994442
2015-08-19,143390129.28370252
2015-08-20,99655604.53121857
2015-08-21,62180213.61240129
2015-08-22,102329840.28166316
2015-08-23,72465770.66977338
2015-08-24,139379271.33868462
2015-08-25,183422133.02821282
2015-08-26,144278489.53657845
2015-08-27,69900344.06948392
2015-08-28,95134718.75546841
2015-08-29,56654306.07150725
2015-08-30,54615311.643692665
2015-08-31,58032869.77182835
2015-09-01,61479340.23891231
2015-09-02,47781609.22090014
2015-09-03,43765322.15025832
2015-09-04,55274502.37627574
2015-09-05,58712579.1018823
2015-09-06,70113446.29750317
2015-09-07,50336412.979991846
2015-09-08,67754768.56019479
2015-09-09,55993048.11643384
2015-09-10,48531118.883055605
2015-09-11,44294574.3495357
2015-09-12,40541222.49556373
2015-09-13,46253457.40687432
2015-09-14,52117340.606796384
2015-09-15,58562863.20358095
2015-09-16,51089489.85407352
2015-09-17,54594105.82680428
2015-09-18,79606359.72514415
2015-09-19,39022087.91012471
2015-09-20,36477159.2595533
2015-09-21,36795275.81748264
2015-09-22,71785978.8373853
2015-09-23,53526673.23620633
2015-09-24,124125639.29530513
2015-09-25,115435785.46487305
2015-09-26,93607431.45305927
2015-09-27,75776526.63573742
2015-09-28,245683532.12691057
2015-09-29,115160470.82095526
2015-09-30,76056339.96172076
2015-10-01,72356986.64595664
2015-10-02,84448749.0956819
2015-10-03,73353042.37453015
2015-10-04,78899567.08428396
2015-10-05,107434379.86060317
2015-10-06,135776679.78278795
2015-10-07,121587412.75625242
2015-10-08,97564224.99277282
2015-10-09,109153976.98039407
2015-10-10,89165069.70010512
2015-10-11,79268221.71546365
2015-10-12,108125413.61682853
2015-10-13,164455688.10166356
2015-10-14,321865165.91051394
2015-10-15,207297257.62019613
2015-10-16,332398256.1656234
2015-10-17,271593080.8014066
2015-10-18,116712427.05704656
2015-10-19,224715633.9081733
2015-10-20,319017395.23033226
2015-10-21,201630914.85690627
2015-10-22,229034925.6796039
2015-10-23,130573069.75416414
2015-10-24,168029249.3828648
2015-10-25,336860319.5875912
2015-10-26,221583939.26366535
2015-10-27,329397533.93903714
2015-10-28,387209571.0614479
2015-10-29,543163761.4698877
2015-10-30,843340993.2179483
2015-10-31,321997491.79856926
2015-11-01,582434357.3722049
2015-11-02,636690229.0056115
2015-11-03,987283928.3196412
2015-11-04,984425381.794543
2015-11-05,913505444.7997164
2015-11-06,770242854.4761926
2015-11-07,462741972.46864593
2015-11-08,264157489.62253815
2015-11-09,420137368.36575645
2015-11-10,620473336.3692106
2015-11-11,572707252.5268553
2015-11-12,546923067.4696827
2015-11-13,414918018.06742084
2015-11-14,131135195.6401858
2015-11-15,237800138.65869674
2015-11-16,239442892.6065092
2015-11-17,236625919.2712964
2015-11-18,185981663.2942105
2015-11-19,206391901.26959464
2015-11-20,123560944.18387257
2015-11-21,199949522.188539
2015-11-22,167053005.3954258
2015-11-23,188739479.4368917
2015-11-24,103800161.90899219
2015-11-25,714595229.5358595
2015-11-26,1237550807.6515267
2015-11-27,895711315.7104639
2015-11-28,667783121.7836893
2015-11-29,921927632.1582325
2015-11-30,1299027009.4916246
2015-12-01,523072117.50624603
2015-12-02,1153668371.9578505
2015-12-03,1149814390.1438584
2015-12-04,1039912869.9731772
2015-12-05,1426331736.1368082
2015-12-06,1512626609.7304864
2015-12-07,1282263557.3988562
2015-12-08,954462002.2518704
2015-12-09,1528970867.732093
2015-12-10,1275837073.4425912
2015-12-11,1623480958.4502342
2015-12-12,1745413356.7816703
2015-12-13,1484344615.6204193
2015-12-14,1497157323.9409719
2015-12-15,1555251795.3592968
2015-12-16,896686369.8324581
2015-12-17,1302614351.2750235
2015-12-18,1135226734.002981
2015-12-19,556941126.9945824
2015-12-20,1175787490.6247997
2015-12-21,1416880180.0048287
2015-12-22,1296402582.2604847
2015-12-23,955949147.6136756
2015-12-24,1418671442.057204
2015-12-25,1058738142.1988857
2015-12-26,1725069505.9869354
2015-12-27,1378749291.4939413
2015-12-28,1310931884.6738522
2015-12-29,1176234726.8014364
2015-12-30,1227648166.044458
2015-12-31,1310033274.6107447
2016-01-01,1338781510.5888267
2016-01-02,769869067.6019802
2016-01-03,984185979.6461835
2016-01-04,1021957722.8426229
2016-01-05,758209345.881597
2016-01-06,833341869.2838143
2016-01-07,1637948558.2555692
2016-01-08,1501742593.9812622
2016-01-09,1085553694.1445763
2016-01-10,1361099089.9371536
2016-01-11,1182725805.933856
2016-01-12,888588584.7561319
2016-01-13,1584488640.9822845
2016-01-14,1266295629.45831
2016-01-15,1576734613.7039278
2016-01-16,1710583688.2242782
2016-01-17,1476285800.5507712
2016-01-18,1357696058.8206067
2016-01-19,1157108220.8545206
2016-01-20,1674254290.1511552
2016-01-21,1484721462.288631
2016-01-22,1626853795.9614305
2016-01-23,755378842.1307422
2016-01-24,1458284443.5169122
2016-01-25,1332190240.7947457
2016-01-26,1231352757.4795895
2016-01-27,1023661369.6216024
2016-01-28,1144817695.5234942
2016-01-29,1378222858.2537942
2016-01-30,926767404.3542867
2016-01-31,795209372.712972
2016-02-01,1028395380.8818554
2016-02-02,669492000.7292296
2016-02-03,701511710.5572596
2016-02-04,1068491901.0833611
2016-02-05,1099201402.3270342
2016-02-06,979578026.0038061
2016-02-07,551083226.5427567
2016-02-08,542257471.058673
2016-02-09,465479007.436967
2016-02-10,814090887.7056519
2016-02-11,503979335.12027735
2016-02-12,658159244.500266
2016-02-13,740171994.7251545
2016-02-14,1319015072.5724676
2016-02-15,1388195099.8471158
2016-02-16,1111797900.4521844
2016-02-17,1296165324.1759655
2016-02-18,1445224878.5173087
2016-02-19,601898504.2767404
2016-02-20,1385245439.8751278
2016-02-21,1506908216.5909653
2016-02-22,1166708341.4203901
2016-02-23,1465084346.963302
2016-02-24,1457408415.8942337
2016-02-25,1416389937.2195773
2016-02-26,58325277.64245085
2016-02-27,595150632.3741599
2016-02-28,546124185.8661692
2016-02-29,1847224330.8996885
2016-03-01,2515777833.930286
2016-03-02,2052408228.7895234
2016-03-03,2737847218.462073
2016-03-04,2408874554.407219
2016-03-05,2766255766.6448894
2016-03-06,2521764887.178534
2016-03-07,2361080396.000645
2016-03-08,1845168034.2779822
2016-03-09,1705210742.922722
2016-03-10,2166212980.4221253
2016-03-11,2440375016.827296
2016-03-12,2292018374.4436398
2016-03-13,1845648236.2910593
2016-03-14,1803876534.2741227
2016-03-15,2111129338.3052552
2016-03-16,1895643174.07286
2016-03-17,1743173852.7310321
2016-03-18,2438769296.167774
2016-03-19,1764836350.22334
2016-03-20,1440329762.2947476
2016-03-21,2250456009.66558
2016-03-22,2041042449.9845455
2016-03-23,1985257305.3708298
2016-03-24,2021330255.0508976
2016-03-25,1933831281.7491696
2016-03-26,1604214632.4064965
2016-03-27,2326287423.8189363
2016-03-28,2155194925.8853908
2016-03-29,2681866388.8263345
2016-03-30,2387281658.2325406
2016-03-31,1432304098.8288007
2016-04-01,447338222.9775492
2016-04-02,633704453.9853791
2016-04-03,429476810.3973782
2016-04-04,525611739.82711506
2016-04-05,541558101.3329905
2016-04-06,527136257.70882565
2016-04-07,593936633.4999853
2016-04-08,727873660.8959363
2016-04-09,791269617.2927799
2016-04-10,484836963.8386498
2016-04-11,710470936.9100323
2016-04-12,1182165394.173999
2016-04-13,785800595.966394
2016-04-14,616490737.7752148
2016-04-15,841700526.6271452
2016-04-16,743886906.6097462
2016-04-17,528907575.42346233
2016-04-18,549297574.322777
2016-04-19,674540887.3072404
2016-04-20,1101674781.4135215
2016-04-21,1340299673.3017693
2016-04-22,1244399315.4240894
2016-04-23,835075482.691219
2016-04-24,1609960186.8384228
2016-04-25,1607304204.3566065
2016-04-26,1278134938.8701427
2016-04-27,1344104894.4750998
2016-04-28,1497339511.3554573
2016-04-29,683291625.3521613
2016-04-30,577836728.8566968
2016-05-01,394606185.83971006
2016-05-02,679795242.3567172
2016-05-03,460396814.0834587
2016-05-04,430680620.3166514
2016-05-05,547921245.8399001
2016-05-06,892002595.4498556
2016-05-07,418352341.33987755
2016-05-08,640880145.1265181
2016-05-09,892533004.1713158
2016-05-10,1121093826.6093578
2016-05-11,672525013.6120929
2016-05-12,697010377.0856366
2016-05-13,489812072.3694577
2016-05-14,540603400.5013363
2016-05-15,514727783.64522
2016-05-16,649625052.453777
2016-05-17,456208618.5701116
2016-05-18,382814029.8745019
2016-05-19,626926267.8026723
2016-05-20,644225134.6638312
2016-05-21,382669886.1311476
2016-05-22,369986913.3520583
2016-05-23,378979422.05785537
2016-05-24,423917608.1376983
2016-05-25,593928754.5793718
2016-05-26,772901620.2200116
2016-05-27,1609915743.8194053
2016-05-28,2308852891.9405656
2016-05-29,2265760454.9711156
2016-05-30,1027238918.1573266
2016-05-31,976889071.4702431
2016-06-01,864207752.912364
2016-06-02,655601895.7428466
2016-06-03,947549857.3776044
2016-06-04,1014758653.6732843
2016-06-05,980649173.436705
2016-06-06,850291006.7026013
2016-06-07,995595869.9524367
2016-06-08,625927307.6959897
2016-06-09,570784842.2229652
2016-06-10,574507838.2591244
2016-06-11,567638086.2563363
2016-06-12,2134843166.853439
2016-06-13,1929369214.3262644
2016-06-14,1295617503.876316
2016-06-15,1111645975.7525933
2016-06-16,2295279422.8526845
2016-06-17,2089119189.0622394
2016-06-18,1639977543.4823854
2016-06-19,1440147059.442583
2016-06-20,1274257070.726084
2016-06-21,2616450204.6981983
2016-06-22,2116429838.3177702
2016-06-23,2950728708.757519
2016-06-24,2819565196.653483
2016-06-25,2165368588.879378
2016-06-26,1973414929.567675
2016-06-27,1893446210.5502865
2016-06-28,1557753994.6406407
2016-06-29,1478192305.741556
2016-06-30,1557452114.6606188
2016-07-01,1520646626.315115
2016-07-02,1369565986.2165418
2016-07-03,1980745475.1931427
2016-07-04,1647219062.906496
2016-07-05,1363651288.9860191
2016-07-06,1193299157.941928
2016-07-07,2122556832.5577588
2016-07-08,1407424927.2334237
2016-07-09,1734638027.0220506
2016-07-10,1043956725.0369835
2016-07-11,969355597.1380028
2016-07-12,1085661832.4024758
2016-07-13,930971250.7396076
2016-07-14,907126119.1357731
2016-07-15,915530669.9477481
2016-07-16,583921219.9714433
2016-07-17,878701509.437196
2016-07-18,951136967.9705702
2016-07-19,721148317.6858412
2016-07-20,718486386.0759034
2016-07-21,651736587.5105526
2016-07-22,744993482.3653657
2016-07-23,749951409.4708184
2016-07-24,628152931.6204653
2016-07-25,571897923.6678181
2016-07-26,704328935.7242514
2016-07-27,701731382.8989863
2016-07-28,590272472.7794734
2016-07-29,498459288.32484585
2016-07-30,381261251.17962205
2016-07-31,1034681070.1406333
2016-08-01,1099193368.899972
2016-08-02,1868906086.666429
2016-08-03,2497221230.7124486
2016-08-04,1656264326.96429
2016-08-05,730357921.4557643
2016-08-06,781499291.615411
2016-08-07,1119146426.823175
2016-08-08,732938493.4891537
2016-08-09,764158462.4766014
2016-08-10,787203551.0783362
2016-08-11,332761748.8841695
2016-08-12,332148000.2223092
2016-08-13,528917329.60978127
2016-08-14,800709328.0207629
2016-08-15,689576137.4962289
2016-08-16,665471810.6820532
2016-08-17,509828615.05795246
2016-08-18,448162729.6782696
2016-08-19,404401760.5949999
2016-08-20,449090940.5932441
2016-08-21,397848571.05515844
2016-08-22,391991120.28923106
2016-08-23,602216568.6591012
2016-08-24,366732500.4450583
2016-08-25,401309290.9927601
2016-08-26,338221514.6073892
2016-08-27,445311513.3907298
2016-08-28,339737295.89427423
2016-08-29,381390186.59404904
2016-08-30,414583282.42362505
2016-08-31,335483654.44544333
2016-09-01,356532608.2572752
2016-09-02,378500484.5206362
2016-09-03,561496914.7850986
2016-09-04,884434073.8694361
2016-09-05,618185193.0094764
2016-09-06,560341026.7130767
2016-09-07,597124132.7229276
2016-09-08,1600702238.5928948
2016-09-09,850137524.7711473
2016-09-10,586796232.5467077
2016-09-11,1228662231.0267904
2016-09-12,973866198.6910902
2016-09-13,699782155.2934498
2016-09-14,619105285.9754454
2016-09-15,549080254.7260385
2016-09-16,546585886.1273316
2016-09-17,531090439.78524125
2016-09-18,1306045902.1413145
2016-09-19,1272958790.4060755
2016-09-20,953214316.4475458
2016-09-21,1589139471.1342793
2016-09-22,994983745.4822936
2016-09-23,1471656057.198137
2016-09-24,1136053862.1848307
2016-09-25,1074112052.8808076
2016-09-26,1917754354.0926065
2016-09-27,1448434854.0194743
2016-09-28,1023325384.7386414
2016-09-29,1291135796.181455
2016-09-30,1177411408.0724049
2016-10-01,1673872374.0277987
2016-10-02,1018352266.6575919
2016-10-03,767820466.9691538
2016-10-04,817050996.2892424
2016-10-05,915039145.8889357
2016-10-06,714618920.4242615
2016-10-07,1104537956.2128787
2016-10-08,793016113.7517544
2016-10-09,901840112.441068
2016-10-10,1274169412.982478
2016-10-11,2996984110.275397
2016-10-12,2475619341.3676276
2016-10-13,2099764690.7683637
2016-10-14,1671558094.2516508
2016-10-15,1644480561.890038
2016-10-16,1454057375.2025247
2016-10-17,1187159912.919513
2016-10-18,2024277148.457759
2016-10-19,1955775379.9281862
2016-10-20,1803186001.035134
2016-10-21,1283400177.493909
2016-10-22,3522949282.8122096
2016-10-23,3643525162.781228
2016-10-24,3212766801.21308
2016-10-25,2499429907.052547
2016-10-26,4850797702.725285
2016-10-27,5041475157.287174
2016-10-28,5069538565.893592
2016-10-29,6838400543.297884
2016-10-30,5824289996.154985
2016-10-31,6861251336.346381
2016-11-01,5882440878.971315
2016-11-02,4549460043.379515
2016-11-03,10469111039.375326
2016-11-04,5929334120.52332
2016-11-05,2146200087.784668
2016-11-06,2676516223.714126
2016-11-07,3299753094.2893806
2016-11-08,3071821253.356335
2016-11-09,4364284007.6703005
2016-11-10,3237455965.9222164
2016-11-11,3576474207.6949515
2016-11-12,6291883753.808641
2016-11-13,3720281492.5782685
2016-11-14,5335752435.403928
2016-11-15,7530105088.629448
2016-11-16,9936150861.137636
2016-11-17,5475859342.7567425
2016-11-18,3987706064.67461
2016-11-19,3235133019.0516033
2016-11-20,5039283039.972013
2016-11-21,3192815797.461711
2016-11-22,3267220913.651425
2016-11-23,3775381682.6307497
2016-11-24,3798900330.481789
2016-11-25,2481664641.7581058
2016-11-26,2391921659.307202
2016-11-27,2688074106.338304
2016-11-28,2451726073.738056
2016-11-29,1904325475.8200662
2016-11-30,4489070914.743196
2016-12-01,5522487160.404118
2016-12-02,4613958357.972869
2016-12-03,2869024714.2296567
2016-12-04,3517012111.83186
2016-12-05,3552862904.938212
2016-12-06,3256985152.1415324
2016-12-07,2603948961.3748693
2016-12-08,2683311953.2487645
2016-12-09,3111825855.1299825
2016-12-10,6551233315.762556
2016-12-11,5508375144.4026575
2016-12-12,6313690793.836448
2016-12-13,2821130580.1213617
2016-12-14,1558761070.8253195
2016-12-15,1345904094.1102343
2016-12-16,1764681181.2608929
2016-12-17,1759607152.1914372
2016-12-18,1469513205.1864016
2016-12-19,1102832366.9469736
2016-12-20,1894271979.553395
2016-12-21,6050784065.735313
2016-12-22,7952522425.204329
2016-12-23,5647399305.622811
2016-12-24,4642138992.135109
2016-12-25,4022250326.3525143
2016-12-26,4809313197.626971
2016-12-27,4597863955.069579
2016-12-28,4906008701.836555
2016-12-29,3796961161.0862846
2016-12-30,4380999912.176424
2016-12-31,3381572989.475814
2017-01-01,3470830329.607551
2017-01-02,4444828109.160988
2017-01-03,4399421326.952804
2017-01-04,8705359110.270647
2017-01-05,12102750396.564293
2017-01-06,10713248031.59434
2017-01-07,7496626398.452948
2017-01-08,4735054808.286752
2017-01-09,4072687734.819042
2017-01-10,3216810928.8509765
2017-01-11,5258603516.371743
2017-01-12,3344901197.95181
2017-01-13,1860269657.1335685
2017-01-14,1204479772.0607476
2017-01-15,923896735.4232056
2017-01-16,831361487.5460993
2017-01-17,1316827456.7886617
2017-01-18,1147970282.1944575
2017-01-19,875858520.4030075
2017-01-20,613796288.0985693
2017-01-21,683491208.3440663
2017-01-22,830201798.1765068
2017-01-23,467022882.86124325
2017-01-24,378666162.59162563
2017-01-25,381951425.9179588
2017-01-26,58349366.78102703
2017-01-27,49029317.21219829
2017-01-28,21882209.48833088
2017-01-29,20288320.821250055
2017-01-30,30166025.396133278
2017-01-31,101775253.2428098
2017-02-01,92784081.5523147
2017-02-02,93269627.17186482
2017-02-03,138411478.18957058
2017-02-04,99014097.13559519
2017-02-05,75284571.16114573
2017-02-06,73413586.50003262
2017-02-07,89525304.92230712
2017-02-08,164316931.3624948
2017-02-09,333977588.2356619
2017-02-10,155061226.92505568
2017-02-11,61189139.07653336
2017-02-12,36448049.44931276
2017-02-13,75754126.52273774
2017-02-14,79285701.69931836
2017-02-15,38397960.040879354
2017-02-16,66797083.39238934
2017-02-17,93994063.10950576
2017-02-18,55001149.210340396
2017-02-19,37478366.695671685
2017-02-20,55971656.67700667
2017-02-21,157173668.2490902
2017-02-22,99272532.79966931
2017-02-23,132273779.09306018
2017-02-24,303444815.37207663
2017-02-25,118187068.14571138
2017-02-26,89353606.5435028
2017-02-27,87503104.90059088
2017-02-28,139855221.83568653
2017-03-01,105587214.84284867
2017-03-02,174318244.9248126
2017-03-03,152484577.44121936
2017-03-04,121628867.96214925
2017-03-05,62090177.87740499
2017-03-06,65232264.87056507
2017-03-07,213974224.53913003
2017-03-08,248575333.3901731
2017-03-09,149501332.4258168
2017-03-10,417086882.86842495
2017-03-11,169071412.54824838
2017-03-12,104613431.4350169
2017-03-13,131403644.08735795
2017-03-14,86807305.13232267
2017-03-15,72763975.2935764
2017-03-16,137592935.4142275
2017-03-17,283988947.7236811
2017-03-18,342885274.9538922
2017-03-19,177388243.2413791
2017-03-20,101975751.4316815
2017-03-21,150015664.59348586
2017-03-22,188848065.44100598
2017-03-23,82048831.9755843
2017-03-24,161801850.34465718
2017-03-25,190451071.3339399
2017-03-26,130490540.3796116
2017-03-27,138288339.0282277
2017-03-28,127643560.28946394
2017-03-29,121169066.49229117
2017-03-30,102438849.919161
2017-03-31,133287124.42714268
2017-04-01,87750426.90171514
2017-04-02,80231506.35067685
2017-04-03,131765236.03753588
2017-04-04,108222974.26702544
2017-04-05,87439620.02168314
2017-04-06,128309277.22353126
2017-04-07,90840184.05054909
2017-04-08,43899666.20643768
2017-04-09,41151425.52338414
2017-04-10,76050218.05983433
2017-04-11,78899688.76011947
2017-04-12,83573376.82029216
2017-04-13,131395672.09469403
2017-04-14,92892227.90249667
2017-04-15,53325277.000297464
2017-04-16,36294382.376176596
2017-04-17,83379623.41478413
2017-04-18,85025813.90001634
2017-04-19,71343829.93791687
2017-04-20,112476255.64770472
2017-04-21,91517340.71934254
2017-04-22,84061246.82405868
2017-04-23,84420564.20787704
2017-04-24,70514448.2984891
2017-04-25,93017240.89550121
2017-04-26,121914930.77675967
2017-04-27,134993633.3799261
2017-04-28,161417797.38181546
2017-04-29,86320647.340096
2017-04-30,86247238.96408871
2017-05-01,217759983.7243955
2017-05-02,189160669.69719717
2017-05-03,206154588.92349654
2017-05-04,335017412.62340426
2017-05-05,324314592.9971558
2017-05-06,135507234.10379437
2017-05-07,149859388.43444195
2017-05-08,276144904.85303676
2017-05-09,383922543.2526552
2017-05-10,288565639.4229343
2017-05-11,313353159.7330766
2017-05-12,248020430.1818661
2017-05-13,246696636.62711567
2017-05-14,124978733.01274386
2017-05-15,231039670.3102772
2017-05-16,218205145.65872082
2017-05-17,271656160.3631455
2017-05-18,230137778.81666598
2017-05-19,279848678.0797178
2017-05-20,274198303.3238714
2017-05-21,264478153.79685724
2017-05-22,580030832.7898638
2017-05-23,389402023.7389176
2017-05-24,555024432.8249408
2017-05-25,889791512.2689184
2017-05-26,716011543.9589934
2017-05-27,683119789.1268574
2017-05-28,401864331.3271442
2017-05-29,312368211.91593516
2017-05-30,335746190.66623986
2017-05-31,416350458.7178713
2017-06-01,438586633.5187092
2017-06-02,292795886.85332465
2017-06-03,304803966.17644024
2017-06-04,254469613.91820475
2017-06-05,334411829.5166427
2017-06-06,1211604496.354524
2017-06-07,717931660.7865304
2017-06-08,580940070.4176636
2017-06-09,393210044.6730309
2017-06-10,354694237.39057237
2017-06-11,350197483.3404642
2017-06-12,792436484.821471
2017-06-13,410084483.665015
2017-06-14,565476421.7798644
2017-06-15,845674827.7127961
2017-06-16,404682134.6180688
2017-06-17,386716359.4470909
2017-06-18,320439362.70244586
2017-06-19,307738404.7993459
2017-06-20,461719561.5390207
2017-06-21,447106675.7720245
2017-06-22,273815444.4663382
2017-06-23,187781433.42478496
2017-06-24,314564252.5547436
2017-06-25,320081172.027822
2017-06-26,540038332.4734977
2017-06-27,518735269.2034187
2017-06-28,351206317.75963986
2017-06-29,239853090.84820977
2017-06-30,210111037.78145665
2017-07-01,207555417.49021047
2017-07-02,226784228.5962842
2017-07-03,304599469.9256256
2017-07-04,274900590.57347757
2017-07-05,238310795.50144583
2017-07-06,175365965.04167378
2017-07-07,260711000.65693903
2017-07-08,178182801.69270346
2017-07-09,117876420.56676134
2017-07-10,387541497.1273901
2017-07-11,420715282.36799073
2017-07-12,314834432.76192206
2017-07-13,233041527.6837674
2017-07-14,320113442.0299653
2017-07-15,463942211.44058734
2017-07-16,480771847.6159585
2017-07-17,495170862.90144104
2017-07-18,729320057.5415988
2017-07-19,577643323.797571
2017-07-20,1277986817.595834
2017-07-21,856653849.5198456
2017-07-22,631346052.4370111
2017-07-23,532874222.83885914
2017-07-24,356970178.1391705
2017-07-25,793382308.0821117
2017-07-26,583046427.0953552
2017-07-27,438390969.56700265
2017-07-28,1248796319.028303
2017-07-29,862355190.6244134
2017-07-30,373175816.24998474
2017-07-31,438125892.5058857
2017-08-01,745400937.0961412
2017-08-02,412594211.0343428
2017-08-03,339104668.1906748
2017-08-04,368080367.5107562
2017-08-05,1066264901.9573861
2017-08-06,489419318.3026005
2017-08-07,695546889.0949574
2017-08-08,803019985.1887337
2017-08-09,638922625.0771153
2017-08-10,424604065.32912636
2017-08-11,641330314.4333423
2017-08-12,988460078.2087516
2017-08-13,1549520790.332874
2017-08-14,1089626076.898878
2017-08-15,1908427436.1044514
2017-08-16,1755705435.2806149
2017-08-17,1774245121.0315044
2017-08-18,1515069151.8626456
2017-08-19,1710080500.0248759
2017-08-20,551798951.9672189
2017-08-21,712634899.3959899
2017-08-22,1402352816.7446954
2017-08-23,801748251.0347502
2017-08-24,686855777.303872
2017-08-25,689332055.0584042
2017-08-26,401970264.1835565
2017-08-27,348607397.3713809
2017-08-28,652038444.4811547
2017-08-29,864725915.097578
2017-08-30,674336659.4873832
2017-08-31,675647444.6830037
2017-09-01,909131411.605347
2017-09-02,1475097323.458513
2017-09-03,1007165501.0854648
2017-09-04,1554585273.636073
2017-09-05,1626968192.530412
2017-09-06,1060025861.6307496
2017-09-07,669892692.7226958
2017-09-08,1477975497.7897267
2017-09-09,787822375.6637348
2017-09-10,997139675.398169
2017-09-11,771493043.3837389
2017-09-12,1062536773.8295213
2017-09-13,1545425745.1412098
2017-09-14,1950938472.0145135
2017-09-15,3308099534.339308
2017-09-16,1399781741.4877734
2017-09-17,846880197.8947364
2017-09-18,1282809663.1080554
2017-09-19,942656241.4373351
2017-09-20,676074373.1781092
2017-09-21,913652257.307351
2017-09-22,767837732.7568976
2017-09-23,578068211.7796992
2017-09-24,429544014.3865627
2017-09-25,800311260.7601415
2017-09-26,544391497.5833492
2017-09-27,936452128.5755137
2017-09-28,852500405.3533716
2017-09-29,829225349.3886597
2017-09-30,720251082.9981893
2017-10-01,682387248.0888995
2017-10-02,738468958.9611623
2017-10-03,760685985.6944162
2017-10-04,573368922.9375935
2017-10-05,713160614.1358172
2017-10-06,623863525.065278
2017-10-07,468192424.3612093
2017-10-08,771225396.3362144
2017-10-09,1128809802.8032467
2017-10-10,1134289150.2871664
2017-10-11,836737765.8088199
2017-10-12,2084912155.2398603
2017-10-13,3174154333.22038
2017-10-14,2311782991.9538355
2017-10-15,1665374310.9042103
2017-10-16,1060235879.6212636
2017-10-17,1106795866.7539878
2017-10-18,2100240729.7126238
2017-10-19,1229468606.297799
2017-10-20,1843078157.4676561
2017-10-21,1763987336.866072
2017-10-22,1799855389.6500697
2017-10-23,2039339670.519878
2017-10-24,2240037527.3631616
2017-10-25,1621897626.2100537
2017-10-26,1501048614.382047
2017-10-27,1332315431.0582082
2017-10-28,892992277.0600395
2017-10-29,1942980852.5876098
2017-10-30,1307795534.5842988
2017-10-31,1800486324.20211
2017-11-01,2095690342.820862
2017-11-02,4363333285.959415
2017-11-03,2826731064.9064713
2017-11-04,2043449643.0088456
2017-11-05,1942850008.8349419
2017-11-06,2653734034.8498173
2017-11-07,1829995407.419026
2017-11-08,3478638875.179309
2017-11-09,2330693500.643121
2017-11-10,3886426125.5147686
2017-11-11,3148369501.39065
2017-11-12,6001017946.926174
2017-11-13,4636291555.878799
2017-11-14,1824550614.66447
2017-11-15,2935591360.13778
2017-11-16,3413089663.2046
2017-11-17,3245859431.04955
2017-11-18,2227536660.24511
2017-11-19,1572771188.84144
2017-11-20,1706394365.70662
2017-11-21,2901936853.36067
2017-11-22,1528137247.48478
2017-11-23,1550586714.56084
2017-11-24,2135298893.09068
2017-11-25,2124257198.58414
2017-11-26,3493015606.59397
2017-11-27,3629754499.83265
2017-11-28,3453118781.61612
2017-11-29,10258439067.6534
2017-11-30,7443964832.98962
2017-12-01,5021611419.94158
2017-12-02,3178820954.9194
2017-12-03,5761492455.64625
2017-12-04,3216349724.23645
2017-12-05,3131952573.50185
2017-12-06,5086411370.06241
2017-12-07,16482921408.0842
2017-12-08,24144297784.1442
2017-12-09,7307194000.11675
2017-12-10,10474626172.7887
2017-12-11,7710546749.544
2017-12-12,4686094939.5687
2017-12-13,4407769522.20181
2017-12-14,4117594354.00804
2017-12-15,6146229228.58011
2017-12-16,5116192713.25694
2017-12-17,4251128480.35423
2017-12-18,5411492204.5264
2017-12-19,6141309845.2726
2017-12-20,7509260354.08289
2017-12-21,5580926436.9909
2017-12-22,12164204097.121
2017-12-23,5076754666.02441
2017-12-24,4129411907.77252
2017-12-25,2485439206.78209
2017-12-26,4255570625.9614
2017-12-27,4950722889.35151
2017-12-28,5266566467.59302
2017-12-29,3753038183.65771
2017-12-30,3600481281.03768
2017-12-31,2921202870.14992
2018-01-01,2345478673.51547
2018-01-02,4130217904.20997
2018-01-03,3310355625.1255913
2018-01-04,4217387187.5256386
2018-01-05,6275687595.940333
2018-01-06,4240919830.5153003
2018-01-07,3044989246.796485
2018-01-08,5752981089.536744
2018-01-09,4214092201.8070655
2018-01-10,4969472882.941215
2018-01-11,5833888113.053883
2018-01-12,4021952802.5976954
2018-01-13,3134247725.132476
2018-01-14,3336056550.553205
2018-01-15,3222958351.447812
2018-01-16,9677283153.059654
2018-01-17,10225958520.621689
2018-01-18,6558304864.2233305
2018-01-19,4208563477.4581575
2018-01-20,4520485016.427376
2018-01-21,4319501969.014785
2018-01-22,5012581424.290013
2018-01-23,4779406610.509539
2018-01-24,3582338295.944433
2018-01-25,3204496193.302373
2018-01-26,4616389063.310399
2018-01-27,2894314081.3753986
2018-01-28,2682886340.599035
2018-01-29,2345235501.178288
2018-01-30,2321424679.531806
2018-01-31,3804947187.2286944
2018-02-01,3225562144.838607
2018-02-02,4769515274.345698
2018-02-03,6813550017.173829
2018-02-04,3422042094.7330213
2018-02-05,3337096341.0061126
2018-02-06,5313588642.981379
2018-02-07,9152685412.95559
2018-02-08,4862232217.401406
2018-02-09,3190753947.378832
2018-02-10,2960039948.907384
2018-02-11,3371677737.5319858
2018-02-12,2806997176.95887
2018-02-13,3069219870.565569
2018-02-14,2551515988.2160945
2018-02-15,3282094240.879327
2018-02-16,4332356645.963475
2018-02-17,3141038601.332415
2018-02-18,3699819140.1747103
2018-02-19,4740378626.743881
2018-02-20,3486171704.866562
2018-02-21,4225354045.1790047
2018-02-22,4574800113.397884
2018-02-23,4626064156.354444
2018-02-24,4009462976.493817
2018-02-25,3465387501.6656966
2018-02-26,2743650277.5619
2018-02-27,3646748812.403751
2018-02-28,3398119467.1062694
2018-03-01,3182259829.3149323
2018-03-02,2892166041.0523987
2018-03-03,3031487197.1333075
2018-03-04,3019436740.238814
2018-03-05,2580256309.470718
2018-03-06,2693945511.0085077
2018-03-07,3618749298.786025
2018-03-08,4896773758.150409
2018-03-09,4028135943.9580393
2018-03-10,5476476288.950579
2018-03-11,3260891795.801318
2018-03-12,3876612721.9476624
2018-03-13,4019736166.690967
2018-03-14,3628990704.0064235
2018-03-15,4020163253.1929836
2018-03-16,4571407139.639841
2018-03-17,3070872383.1616874
2018-03-18,2591898944.228953
2018-03-19,4330642347.54297
2018-03-20,4276409099.7044716
2018-03-21,3554700592.279649
2018-03-22,3081152046.0236883
2018-03-23,2931676659.5938525
2018-03-24,2877067842.098429
2018-03-25,2444371384.2694945
2018-03-26,2066020545.3926063
2018-03-27,2972024162.97679
2018-03-28,2653185409.403986
2018-03-29,2033730316.7590542
2018-03-30,3680239216.3167896
2018-03-31,4264255594.746104
2018-04-01,2565052340.2323847
2018-04-02,2649647152.1697764
2018-04-03,2253363912.1674647
2018-04-04,2762080502.6107836
2018-04-05,2544238382.121464
2018-04-06,2568972345.7027025
2018-04-07,1840465005.5711513
2018-04-08,1856418405.5749633
2018-04-09,1413593787.1878273
2018-04-10,2437632634.2860556
2018-04-11,1550558592.492434
2018-04-12,1586992258.3407943
2018-04-13,4980342880.0008135
2018-04-14,3910297535.1571007
2018-04-15,2294693915.2394795
2018-04-16,2350690710.8285303
2018-04-17,2754142166.1939588
2018-04-18,2491337660.023414
2018-04-19,2326968646.2908115
2018-04-20,2422027692.486585
2018-04-21,2961030105.150343
2018-04-22,3214807963.4541373
2018-04-23,2503340749.6093006
2018-04-24,2205498227.200402
2018-04-25,4398198651.199843
2018-04-26,5523433548.358508
2018-04-27,3847600029.5564957
2018-04-28,2839339948.818213
2018-04-29,3006508147.8120923
2018-04-30,2827554754.4722853
2018-05-01,2508704421.0187726
2018-05-02,2661071473.28962
2018-05-03,2179558786.4918017
2018-05-04,1228125377.9488525
2018-05-05,2695999383.5138526
2018-05-06,2617990803.561576
2018-05-07,2626417557.0669236
2018-05-08,2767085706.197567
2018-05-09,2455200521.7337303
2018-05-10,2363841215.4382
2018-05-11,2359598426.330252
2018-05-12,3726075355.3037004
2018-05-13,2995955136.9111686
2018-05-14,2283320839.5720086
2018-05-15,3143239503.891285
2018-05-16,2586241489.8424945
2018-05-17,2772906142.3921065
2018-05-18,2173653717.1690426
2018-05-19,2127912775.3863177
2018-05-20,1672351902.7302613
2018-05-21,1660868681.4973857
2018-05-22,1711697912.2659817
2018-05-23,1895031387.309464
2018-05-24,2777184892.7350817
2018-05-25,2602938656.909345
2018-05-26,1959178260.217828
2018-05-27,1289488237.4471545
2018-05-28,1247227035.27444
2018-05-29,1770692328.4028218
2018-05-30,2224251684.1663904
2018-05-31,1772428207.794572
2018-06-01,1714862985.0808516
2018-06-02,1637953742.8095627
2018-06-03,1531230053.8451543
2018-06-04,1432775393.8161438
2018-06-05,1643488925.3602982
2018-06-06,1754013549.8288014
2018-06-07,1562705992.3836496
2018-06-08,1459894514.226805
2018-06-09,1362045102.4224646
2018-06-10,1102262799.2103968
2018-06-11,2788497500.7839518
2018-06-12,1973448735.786416
2018-06-13,2060764062.9813228
2018-06-14,2571112868.4509044
2018-06-15,2354179149.4928327
2018-06-16,1740752641.6341267
2018-06-17,1306649275.5030081
2018-06-18,1120785833.1800666
2018-06-19,1750367371.2555826
2018-06-20,1649449915.2393851
2018-06-21,1626421446.364752
2018-06-22,1400178395.5280418
2018-06-23,2932411240.2020984
2018-06-24,1635692582.8272383
2018-06-25,2452039491.998072
2018-06-26,4326984848.152794
2018-06-27,3248018159.5091834
2018-06-28,2057221707.976688
2018-06-29,1928320709.0794477
2018-06-30,2341618860.2006936
2018-07-01,2086842501.722632
2018-07-02,2601785821.8298526
2018-07-03,3392521918.1209335
2018-07-04,3013786718.6534033
2018-07-05,3111969366.0956326
2018-07-06,3315114737.710066
2018-07-07,4742128037.640009
2018-07-08,6047929422.833753
2018-07-09,5015170529.876131
2018-07-10,5246420831.047288
2018-07-11,4358427107.61466
2018-07-12,3969169303.744414
2018-07-13,3534743492.203714
2018-07-14,3951261052.820787
2018-07-15,3709146622.835988
2018-07-16,2857367439.538571
2018-07-17,4559363479.1402855
2018-07-18,6194130741.142913
2018-07-19,4843025304.5135565
2018-07-20,4107857510.670374
2018-07-21,3727831730.875354
2018-07-22,2892881147.245292
2018-07-23,5717881945.865358
2018-07-24,6202101797.69894
2018-07-25,5592076817.676129
2018-07-26,4086880124.497768
2018-07-27,3429994449.907072
2018-07-28,3624913497.9544983
2018-07-29,3659115450.6126037
2018-07-30,2598593361.850844
2018-07-31,3497813384.6209693
2018-08-01,4675498855.415108
2018-08-02,11591125727.422794
2018-08-03,6834800615.470859
2018-08-04,5580835718.27458
2018-08-05,5952900997.745494
2018-08-06,5989412029.067531
2018-08-07,6927841831.688437
2018-08-08,6729676123.905343
2018-08-09,6834119514.685925
2018-08-10,5843796067.332067
2018-08-11,6731245061.318041
2018-08-12,5708911347.302448
2018-08-13,5507023282.246057
2018-08-14,5381627198.227136
2018-08-15,7179484727.419351
2018-08-16,6619548180.387301
2018-08-17,5982589406.965
2018-08-18,6206194158.951437
2018-08-19,5616965845.869809
2018-08-20,5160365103.111909
2018-08-21,5578292470.702208
2018-08-22,5658517103.312642
2018-08-23,6759411527.692144
2018-08-24,6096332849.286637
2018-08-25,6913767387.863615
2018-08-26,5280060347.564506
2018-08-27,5215045899.16829
2018-08-28,5444349729.346103
2018-08-29,6246602891.545194
2018-08-30,5976493148.705724
2018-08-31,6587864491.268964
2018-09-01,5959884320.762271
2018-09-02,6257915213.839819
2018-09-03,6640164154.549976
2018-09-04,4511643009.568316
2018-09-05,5344233220.454348
2018-09-06,7036065651.078336
2018-09-07,6558109770.577363
2018-09-08,4422971841.981781
2018-09-09,3851077568.004001
2018-09-10,4174629547.594032
2018-09-11,4504626593.565221
2018-09-12,5001529025.0324745
2018-09-13,5026516732.831187
2018-09-14,4987196751.843109
2018-09-15,5350596522.1363
2018-09-16,4295951323.506035
2018-09-17,4715407407.2624035
2018-09-18,4600931272.400568
2018-09-19,4472798160.224327
2018-09-20,5380977505.120019
2018-09-21,5059042419.562756
2018-09-22,5931455399.756281
2018-09-23,5159534298.571353
2018-09-24,4322794079.140574
2018-09-25,4626497701.607775
2018-09-26,4580781824.213022
2018-09-27,3788299697.410916
2018-09-28,4690261094.515134
2018-09-29,3140320712.2600975
2018-09-30,2294291064.4914503
2018-10-01,1908960742.721659
2018-10-02,1893760872.9018476
2018-10-03,2035903501.1612606
2018-10-04,2247969611.1974277
2018-10-05,2059404665.1894457
2018-10-06,1840911129.5584166
2018-10-07,1464404365.51708
2018-10-08,1499424737.458561
2018-10-09,2081626437.4631693
2018-10-10,1741398466.9025888
2018-10-11,2070407901.7011054
2018-10-12,3581191342.767335
2018-10-13,2295615181.287238
2018-10-14,1851879464.8516304
2018-10-15,1847113723.7353718
2018-10-16,6217858944.018429
2018-10-17,2746546151.2501135
2018-10-18,2820354466.330306
2018-10-19,2625598930.5728407
2018-10-20,2652532021.929972
2018-10-21,2387105749.143392
2018-10-22,2127987152.5866547
2018-10-23,2655159954.716826
2018-10-24,2784381146.568883
2018-10-25,2607022301.561287
2018-10-26,2618534041.346836
2018-10-27,2698016930.8820057
2018-10-28,2383295890.5582404
2018-10-29,2065446088.788402
2018-10-30,3631795693.013341
2018-10-31,1962209613.9889975
2018-11-01,2042670545.032488
2018-11-02,2922702484.006447
2018-11-03,2675454291.399585
2018-11-04,2582446886.6230755
2018-11-05,3198297931.7470818
2018-11-06,3213571991.0860043
2018-11-07,3408876943.8566713
2018-11-08,3120683820.785003
2018-11-09,2402484611.4646854
2018-11-10,2707057000.4786224
2018-11-11,1672332107.6089764
2018-11-12,2943678893.5684266
2018-11-13,2651674690.982871
2018-11-14,2890964719.217386
2018-11-15,5690409836.804629
2018-11-16,4981978552.514329
2018-11-17,3236633357.0467114
2018-11-18,2525819291.4931545
2018-11-19,2422604400.7507744
2018-11-20,6126269575.232113
2018-11-21,6314969584.020993
2018-11-22,4321511764.357207
2018-11-23,3055231902.513544
2018-11-24,3520222575.53617
2018-11-25,3115187178.442392
2018-11-26,5226773378.179892
2018-11-27,4652103083.720623
2018-11-28,4050028039.1486397
2018-11-29,4973628807.699461
2018-11-30,4313265392.487118
2018-12-01,4007783472.5882053
2018-12-02,3183894471.4847646
2018-12-03,3242289555.8219714
2018-12-04,3128854932.5753694
2018-12-05,3255899964.55098
2018-12-06,3020004368.112703
2018-12-07,3672494312.3177876
2018-12-08,5243194483.926532
2018-12-09,3430203804.247037
2018-12-10,2938443353.811616
2018-12-11,2614506143.32925
2018-12-12,2720740076.8003125
2018-12-13,2552041789.9907007
2018-12-14,2620531732.8481603
2018-12-15,2663819604.586118
2018-12-16,2103029919.7436218
2018-12-17,1972663570.3920543
2018-12-18,3421249875.3626423
2018-12-19,3898845061.80057
2018-12-20,4721562503.691853
2018-12-21,6126325232.95458
2018-12-22,4813606168.926531
2018-12-23,3568245607.7466927
2018-12-24,3514437242.642075
2018-12-25,5022191528.110896
2018-12-26,4189084247.453542
2018-12-27,3568561115.8269877
2018-12-28,3386167814.2749724
2018-12-29,3561935968.9151506
2018-12-30,3031003209.033743
2018-12-31,3109685385.4562902
2019-01-01,2991427568.3035398
2019-01-02,2689877851.31483
2019-01-03,3263469039.3230205
2019-01-04,2261199754.98875
2019-01-05,2950054796.0741415
2019-01-06,2763831883.889694
2019-01-07,3435733235.508936
2019-01-08,3360163853.3972144
2019-01-09,3482430797.632785
2019-01-10,3230523440.813054
2019-01-11,4144535969.992497
2019-01-12,3263342032.794205
2019-01-13,2456062889.7924027
2019-01-14,2675674829.818869
2019-01-15,3101461657.547051
2019-01-16,2953789408.2270346
2019-01-17,2753646523.928816
2019-01-18,3049367561.0957274
2019-01-19,2649449860.3668847
2019-01-20,2766880413.283615
2019-01-21,2940644468.975576
2019-01-22,2561594564.573847
2019-01-23,2718371971.9030104
2019-01-24,2663764215.2983246
2019-01-25,2514079887.672157
2019-01-26,2582590473.407218
2019-01-27,2548165746.089901
2019-01-28,2882787006.773549
2019-01-29,3445780457.599724
2019-01-30,4865613085.112716
2019-01-31,4973814467.106895
2019-02-01,4330022381.196439
2019-02-02,3765731026.2153797
2019-02-03,3310421843.82123
2019-02-04,2375918195.082078
2019-02-05,4454914648.715065
2019-02-06,3653777871.7193217
2019-02-07,4211212356.0140643
2019-02-08,3297274818.3709226
2019-02-09,6293135761.36397
2019-02-10,4883557856.511256
2019-02-11,5081021129.885805
2019-02-12,5446022475.782068
2019-02-13,5532706261.952275
2019-02-14,5635612273.288616
2019-02-15,11971659893.345224
2019-02-16,4506367416.966915
2019-02-17,4019925054.643214
2019-02-18,4945386865.287532
2019-02-19,9588927258.746943
2019-02-20,5969708630.056735
2019-02-21,6377580055.125392
2019-02-22,6838246918.228343
2019-02-23,5999302845.797907
2019-02-24,8493566414.707253
2019-02-25,11112465191.137722
2019-02-26,9049456993.516651
2019-02-27,2992667601.164757
2019-02-28,7731184275.9768505
2019-03-01,7627783000.608827
2019-03-02,5524886886.074838
2019-03-03,3291046239.4080496
2019-03-04,6749676086.649796
2019-03-05,3608196680.9514556
2019-03-06,9088065055.193892
2019-03-07,8477459044.147217
2019-03-08,6098011809.539175
2019-03-09,9387592412.254822
2019-03-10,8968209821.64562
2019-03-11,8576340543.966685
2019-03-12,6459945402.485972
2019-03-13,8326845840.668451
2019-03-14,7240802846.749305
2019-03-15,8610482287.345255
2019-03-16,8157372614.811613
2019-03-17,8463266884.802993
2019-03-18,6533306536.989777
2019-03-19,7639543944.601985
2019-03-20,7503839510.974511
2019-03-21,9137227916.145353
2019-03-22,9845582434.366617
2019-03-23,9404569962.845264
2019-03-24,9206940724.647112
2019-03-25,9883972400.782845
2019-03-26,10661215003.017866
2019-03-27,19375985748.468594
2019-03-28,16215886403.31156
2019-03-29,15160882530.764353
2019-03-30,16340416942.468424
2019-03-31,13007834059.593706
2019-04-01,9729996888.256725
2019-04-02,12393581266.933498
2019-04-03,24241877355.466156
2019-04-04,27840300618.851505
2019-04-05,23773239680.778233
2019-04-06,20072621554.053333
2019-04-07,19652913084.11381
2019-04-08,22875598540.266926
2019-04-09,21960916922.811954
2019-04-10,15780870292.553698
2019-04-11,19407452726.86936
2019-04-12,19758274668.344517
2019-04-13,15595642633.838465
2019-04-14,12260233700.583128
2019-04-15,12373544680.894629
2019-04-16,13837248984.63684
2019-04-17,13646324289.841606
2019-04-18,14530488675.954275
2019-04-19,15343841014.064018
2019-04-20,16257796673.886168
2019-04-21,14990889921.786966
2019-04-22,16383813161.830389
2019-04-23,17199396916.729523
2019-04-24,19400647819.940308
2019-04-25,20538511242.262634
2019-04-26,19329534423.79327
2019-04-27,19632024917.711243
2019-04-28,14876251954.397636
2019-04-29,15573084968.740429
2019-04-30,15442022886.730194
2019-05-01,16794865767.201723
2019-05-02,14566414699.69271
2019-05-03,16512618030.609243
2019-05-04,20006287572.082245
2019-05-05,19242843059.82611
2019-05-06,16184057012.270828
2019-05-07,16811224132.040009
2019-05-08,19408267639.192204
2019-05-09,16672412472.112143
2019-05-10,18401396126.039753
2019-05-11,20801839693.04227
2019-05-12,32480039429.768772
2019-05-13,31545333636.538036
2019-05-14,32078035930.772472
2019-05-15,35426123184.643654
2019-05-16,30893707828.03641
2019-05-17,35026947533.93092
2019-05-18,33030146385.78164
2019-05-19,22478772524.431953
2019-05-20,30747684364.455803
2019-05-21,28621475467.769623
2019-05-22,25314342979.04727
2019-05-23,24589881451.39529
2019-05-24,25345060242.591587
2019-05-25,27368459147.198563
2019-05-26,23978335158.484913
2019-05-27,29224396883.37161
2019-05-28,33136840741.263596
2019-05-29,27335990651.150314
2019-05-30,28214892246.82482
2019-05-31,33295240431.3568
2019-06-01,30329343188.810726
2019-06-02,26683797989.859898
2019-06-03,25133975363.261288
2019-06-04,24486741553.27431
2019-06-05,25442100899.747612
2019-06-06,24641673547.477314
2019-06-07,24560046377.825275
2019-06-08,23629265497.41496
2019-06-09,19829877310.707806
2019-06-10,20152037017.9227
2019-06-11,21741587787.865116
2019-06-12,21017248550.29671
2019-06-13,22181532883.49916
2019-06-14,22919390183.839664
2019-06-15,23291543613.425556
2019-06-16,21892878336.785255
2019-06-17,27305637341.28109
2019-06-18,27464356714.403492
2019-06-19,25029522786.9119
2019-06-20,22298101529.460793
2019-06-21,24707058599.119995
2019-06-22,28580960082.617817
2019-06-23,40190146696.56423
2019-06-24,29108428088.363773
2019-06-25,27529761440.98961
2019-06-26,33544426408.459377
2019-06-27,56948964491.46552
2019-06-28,49628524363.00495
2019-06-29,44872003180.54631
2019-06-30,37724824506.92749
2019-07-01,34920211165.40479
2019-07-02,37463414436.63033
2019-07-03,39264695559.40571
2019-07-04,39944515601.67296
2019-07-05,32487314999.664185
2019-07-06,31349147296.84112
2019-07-07,28013279880.59072
2019-07-08,25828700446.947784
2019-07-09,30917398835.988853
2019-07-10,35885342263.04269
2019-07-11,42163626088.16242
2019-07-12,37061858272.52717
2019-07-13,30078548879.930676
2019-07-14,28485045772.443813
2019-07-15,29857566850.991676
2019-07-16,37553147017.32781
2019-07-17,34409824868.73926
2019-07-18,33328381504.616615
2019-07-19,34034952895.23173
2019-07-20,28858600367.989872
2019-07-21,26163874235.136333
2019-07-22,22814710058.302956
2019-07-23,21903683695.255173
2019-07-24,22986552398.152935
2019-07-25,33861034798.8304
2019-07-26,21622492404.321915
2019-07-27,19942172080.922203
2019-07-28,21257664351.47119
2019-07-29,18649152592.721436
2019-07-30,18424113909.504322
2019-07-31,20138691741.084114
2019-08-01,22957330875.71389
2019-08-02,23668036460.12257
2019-08-03,24128945574.578556
2019-08-04,22296222952.509827
2019-08-05,23160251364.75935
2019-08-06,30944497414.37189
2019-08-07,31588470767.84309
2019-08-08,30083670251.80272
2019-08-09,26678574728.135372
2019-08-10,26240065034.99351
2019-08-11,24949094386.512787
2019-08-12,23042219585.47862
2019-08-13,19933740545.556496
2019-08-14,22886684527.86748
2019-08-15,26620934497.854107
2019-08-16,31003755661.55879
2019-08-17,28168163140.752064
2019-08-18,20998246406.662758
2019-08-19,19708814223.24016
2019-08-20,22097997941.55373
2019-08-21,19460170323.014637
2019-08-22,22757336326.19253
2019-08-23,20144228964.473103
2019-08-24,18313019852.750786
2019-08-25,21187546608.001797
2019-08-26,17899166778.010113
2019-08-27,23392461462.60586
2019-08-28,20937236587.026714
2019-08-29,22948105441.570866
2019-08-30,20461661030.393738
2019-08-31,16388578393.607964
2019-09-01,15364904438.864746
2019-09-02,15003447441.307947
2019-09-03,20258697359.12371
2019-09-04,23588848898.316532
2019-09-05,21198071664.662186
2019-09-06,18952591605.050835
2019-09-07,23555216964.15641
2019-09-08,18658457493.748917
2019-09-09,16804085431.159666
2019-09-10,21012460993.656765
2019-09-11,17425806760.661724
2019-09-12,19989784060.802094
2019-09-13,17986804176.941467
2019-09-14,16650634275.92447
2019-09-15,16529697331.07751
2019-09-16,13781855194.274492
2019-09-17,17580630287.953926
2019-09-18,17279102873.152096
2019-09-19,18848349197.54596
2019-09-20,23532550737.76059
2019-09-21,17281137871.79277
2019-09-22,15973816316.06345
2019-09-23,16268084726.893106
2019-09-24,17797331461.86323
2019-09-25,27762368999.148655
2019-09-26,25000732108.2125
2019-09-27,22627889543.82238
2019-09-28,19755414533.472134
2019-09-29,17936691398.41125
2019-09-30,16673592219.88411
2019-10-01,21681424234.680668
2019-10-02,17832872037.116558
2019-10-03,17676173879.14879
2019-10-04,17383555314.276905
2019-10-05,16931274118.12778
2019-10-06,16751341177.800287
2019-10-07,16860212059.076086
2019-10-08,21702135918.512657
2019-10-09,19349468269.498783
2019-10-10,21622617282.771305
2019-10-11,21307956536.769913
2019-10-12,22522161253.606262
2019-10-13,18009645880.918533
2019-10-14,17006193531.89216
2019-10-15,17384052860.807076
2019-10-16,17879549108.634247
2019-10-17,18700096464.78663
2019-10-18,17154383746.943813
2019-10-19,18867966948.333694
2019-10-20,16704267725.143393
2019-10-21,18477598769.79049
2019-10-22,17608633115.73991
2019-10-23,19789278104.487
2019-10-24,23372887462.736748
2019-10-25,18827850066.723927
2019-10-26,33573878835.9482
2019-10-27,49973845766.74797
2019-10-28,38396780063.80312
2019-10-29,36102429175.35568
2019-10-30,32395177164.64729
2019-10-31,30846909824.024616
2019-11-01,30452200168.00832
2019-11-02,28239184318.818405
2019-11-03,24723381192.255867
2019-11-04,24204135432.760372
2019-11-05,30915689705.65933
2019-11-06,30247351915.79828
2019-11-07,28787468129.58143
2019-11-08,27099310469.653824
2019-11-09,30263888374.64715
2019-11-10,22726115538.66086
2019-11-11,24973742612.68736
2019-11-12,24569575079.59694
2019-11-13,25677565875.96828
2019-11-14,22919706604.19164
2019-11-15,24149531741.878155
2019-11-16,27102692384.575447
2019-11-17,21153024163.074257
2019-11-18,22808991914.563442
2019-11-19,25563738775.736923
2019-11-20,24993518393.55118
2019-11-21,23442272034.865948
2019-11-22,26390689050.100677
2019-11-23,39111609334.13761
2019-11-24,23984198665.43141
2019-11-25,25073885715.215588
2019-11-26,34693320000.26776
2019-11-27,25650766567.61929
2019-11-28,28972696169.33813
2019-11-29,22282583660.62635
2019-11-30,23595242633.932213
2019-12-01,19070509164.52246
2019-12-02,22892863739.73771
2019-12-03,19403364522.996704
2019-12-04,17246866850.787033
2019-12-05,24794733347.334072
2019-12-06,22344057773.817043
2019-12-07,20930338571.63358
2019-12-08,17579259210.777077
2019-12-09,17330633418.24195
2019-12-10,19646929698.93577
2019-12-11,19546221321.506252
2019-12-12,18016936696.22855
2019-12-13,19829801017.961727
2019-12-14,18535665729.09757
2019-12-15,19497758114.150417
2019-12-16,18896096612.075874
2019-12-17,22208927988.54228
2019-12-18,26481385708.660343
2019-12-19,57308255783.65001
2019-12-20,23539013331.219044
2019-12-21,22483207163.876167
2019-12-22,18632480432.842224
2019-12-23,24325792143.84145
2019-12-24,30235862118.677433
2019-12-25,26519710985.47972
2019-12-26,23546783550.72025
2019-12-27,24771695136.045387
2019-12-28,25893684880.003193
2019-12-29,21437778061.8769
2019-12-30,22035194451.00931
2019-12-31,22320671263.717125
2020-01-01,21187883711.18498
2020-01-02,18123516838.8979
2020-01-03,20313194628.09452
2020-01-04,31015776262.21867
2020-01-05,20611640058.34164
2020-01-06,21929224570.56102
2020-01-07,28148518761.51164
2020-01-08,34823187724.289955
2020-01-09,39971512000.06816
2020-01-10,29276053440.88472
2020-01-11,35777298156.26295
2020-01-12,31504583511.03613
2020-01-13,27533390875.51989
2020-01-14,27962176780.628242
2020-01-15,55384169405.51928
2020-01-16,48160401007.254
2020-01-17,36462155571.2176
2020-01-18,41671910798.34088
2020-01-19,36801813631.51236
2020-01-20,39242297095.94223
2020-01-21,29527689342.88548
2020-01-22,27057681779.746685
2020-01-23,25628542094.50134
2020-01-24,30696020541.207973
2020-01-25,30691734305.128674
2020-01-26,26582198966.298725
2020-01-27,30241155463.270596
2020-01-28,39661537339.92209
2020-01-29,49812761504.1306
2020-01-30,47273353143.75747
2020-01-31,51037775414.9802
2020-02-01,50102814005.68021
2020-02-02,48307978233.84802
2020-02-03,55025402183.682236
2020-02-04,56824765307.81458
2020-02-05,55377658455.62325
2020-02-06,65675565620.91084
2020-02-07,71141695218.03949
2020-02-08,69495711755.62915
2020-02-09,71561797135.19986
2020-02-10,78110955304.52135
2020-02-11,81406687324.35088
2020-02-12,38930644711.90421
2020-02-13,45456624047.83392
2020-02-14,54151236617.55855
2020-02-15,50206573483.049774
2020-02-16,51460340288.898056
2020-02-17,42364906261.0548
2020-02-18,48517591137.467995
2020-02-19,54648014949.72496
2020-02-20,50502739123.75383
2020-02-21,53579139400.80847
2020-02-22,37678167400.71924
2020-02-23,32555342237.084362
2020-02-24,38743680759.32858
2020-02-25,41928789500.12296
2020-02-26,39441760776.318504
2020-02-27,45140119229.636024
2020-02-28,43045469000.97675
2020-02-29,41297721067.30182
2020-03-01,33291626663.006737
2020-03-02,34310775733.322155
2020-03-03,59776629742.57125
2020-03-04,68336042797.3885
2020-03-05,38832067216.87788
2020-03-06,38122635173.15044
2020-03-07,41388087588.44269
2020-03-08,36764763103.12236
2020-03-09,39132209137.697235
2020-03-10,45678665163.11017
2020-03-11,40882213633.94649
2020-03-12,38689036552.81125
2020-03-13,50009548492.07486
2020-03-14,74329688818.10397
2020-03-15,36054625746.82817
2020-03-16,32985693209.74783
2020-03-17,44034438467.966835
2020-03-18,36007089253.822556
2020-03-19,37618067230.41405
2020-03-20,48056214948.15649
2020-03-21,50936770688.25396
2020-03-22,40189198131.46317
2020-03-23,37255748385.30394
2020-03-24,45578824447.64577
2020-03-25,45846522059.373184
2020-03-26,42082295491.03078
2020-03-27,34840544710.10888
2020-03-28,32910551599.472366
2020-03-29,35231848358.55144
2020-03-30,25923471292.176422
2020-03-31,34907149977.57921
2020-04-01,32287674952.1782
2020-04-02,35886963977.71526
2020-04-03,47638672293.73783
2020-04-04,39867535857.25387
2020-04-05,35009177102.13241
2020-04-06,31885662165.01491
2020-04-07,45370138560.82485
2020-04-08,43386074290.71468
2020-04-09,38922547592.862114
2020-04-10,34921486435.060486
2020-04-11,37828011010.9016
2020-04-12,30280054180.28837
2020-04-13,34544392366.04943
2020-04-14,38062368291.08157
2020-04-15,33837365577.44977
2020-04-16,29692916171.011845
2020-04-17,45752002264.274315
2020-04-18,31701906839.621475
2020-04-19,30035235468.3311
2020-04-20,29714765522.325314
2020-04-21,35276609104.457115
2020-04-22,30093303601.39072
2020-04-23,30819547915.3444
2020-04-24,41032858925.23595
2020-04-25,33233126912.999897
2020-04-26,31610167152.118294
2020-04-27,33760863612.125053
2020-04-28,35205525351.89531
2020-04-29,32855687796.969097
2020-04-30,60399592065.54053
2020-05-01,65838312160.09067
2020-05-02,44773967197.55202
2020-05-03,39177855720.33245
2020-05-04,45617019157.37323
2020-05-05,44698213713.39127
2020-05-06,43436234291.97107
2020-05-07,48538811466.802704
2020-05-08,61712313964.69186
2020-05-09,50955646313.40579
2020-05-10,46706541180.09866
2020-05-11,61704475184.53314
2020-05-12,57996080837.490005
2020-05-13,39515455755.72524
2020-05-14,44239951916.52319
2020-05-15,52076585310.72393
2020-05-16,44866846516.37974
2020-05-17,34146492788.290554
2020-05-18,35650032953.969925
2020-05-19,38922896809.95441
2020-05-20,37077538114.72087
2020-05-21,34829170074.82492
2020-05-22,35965016693.72406
2020-05-23,27700943119.83718
2020-05-24,26159735072.083897
2020-05-25,29437505507.203728
2020-05-26,29130957734.103832
2020-05-27,26860828302.61543
2020-05-28,28916177009.890633
2020-05-29,31771100326.33337
2020-05-30,28880265574.932682
2020-05-31,30231487421.644287
2020-06-01,27396663221.152317
2020-06-02,33702539853.509113
2020-06-03,36841150778.6441
2020-06-04,25222025158.95508
2020-06-05,24903069188.397156
2020-06-06,23447982002.19483
2020-06-07,19374357195.06036
2020-06-08,23856639264.762486
2020-06-09,21154971285.09144
2020-06-10,22844271951.206215
2020-06-11,24398738299.650776
2020-06-12,31225155444.61979
2020-06-13,23601462338.138706
2020-06-14,19693461096.502857
2020-06-15,18836155988.901707
2020-06-16,29160908896.896835
2020-06-17,26391020757.045525
2020-06-18,23643218251.137486
2020-06-19,20601074385.503212
2020-06-20,23738525501.71876
2020-06-21,19774464252.766605
2020-06-22,18986237382.053703
2020-06-23,24768621256.838917
2020-06-24,17756804210.055347
2020-06-25,23183760291.75444
2020-06-26,23499175984.21671
2020-06-27,22429204010.635517
2020-06-28,21515626881.09779
2020-06-29,19665935216.70147
2020-06-30,19754459582.74716
2020-07-01,19741435780.48584
2020-07-02,20005031554.019035
2020-07-03,19379463385.296654
2020-07-04,17420495829.39433
2020-07-05,16643732672.692139
2020-07-06,17324463886.377956
2020-07-07,21987059041.689262
2020-07-08,18945747769.31741
2020-07-09,20708592426.03485
2020-07-10,19480413474.236183
2020-07-11,18224423467.7428
2020-07-12,16167064476.282873
2020-07-13,17173962879.687658
2020-07-14,18245667827.005356
2020-07-15,19147263017.229504
2020-07-16,16565948994.90621
2020-07-17,18760484380.276333
2020-07-18,16500659021.756384
2020-07-19,15638459042.903372
2020-07-20,16085385661.984406
2020-07-21,17080393205.34609
2020-07-22,20048075731.25112
2020-07-23,19702428931.328556
2020-07-24,26966148756.408127
2020-07-25,35810926084.94321
2020-07-26,36726067828.3661
2020-07-27,19713211084.56171
2020-07-28,34694788843.590096
2020-07-29,27637575180.450962
2020-07-30,23642111784.048485
2020-07-31,22265381996.186665
2020-08-01,22329797905.441616
2020-08-02,26198946496.277836
2020-08-03,27584591853.069736
2020-08-04,20583344056.841503
2020-08-05,20527193170.963608
2020-08-06,22359870185.20913
2020-08-07,21793317050.968628
2020-08-08,21624736673.079872
2020-08-09,17286825185.217506
2020-08-10,17051550190.814676
2020-08-11,24145919191.344177
2020-08-12,24448699831.26472
2020-08-13,22803776234.97776
2020-08-14,24755770184.138535
2020-08-15,21650925951.996807
2020-08-16,21285690552.515503
2020-08-17,19209711614.40851
2020-08-18,25481896190.555748
2020-08-19,24825715158.705486
2020-08-20,23384200655.888924
2020-08-21,20353349054.591465
2020-08-22,23406354443.011192
2020-08-23,19572783953.57896
2020-08-24,18467219109.184135
2020-08-25,20061559392.103256
2020-08-26,23423332918.936924
2020-08-27,20869928785.800804
2020-08-28,21595917446.043972
2020-08-29,19271253870.82992
2020-08-30,18415439613.538937
2020-08-31,19909556666.601448
2020-09-01,21077276617.8664
2020-09-02,25232603061.53493
2020-09-03,26038738388.798878
2020-09-04,49411126240.51858
2020-09-05,27623487077.06882
2020-09-06,56430042198.69171
2020-09-07,28801019507.333485
2020-09-08,26560146962.23275
2020-09-09,47780699209.09236
2020-09-10,21357083446.312523
2020-09-11,77545788530.61436
2020-09-12,20796810115.947914
2020-09-13,19955498078.251053
2020-09-14,21057424433.480133
2020-09-15,23526143436.490395
2020-09-16,23802088944.396893
2020-09-17,24459086808.776905
2020-09-18,23547167125.342415
2020-09-19,20681771888.399273
2020-09-20,18334274060.30012
2020-09-21,20161733906.963223
2020-09-22,23757059692.357033
2020-09-23,19866578108.977962
2020-09-24,19981974722.351273
2020-09-25,21348447554.09249
2020-09-26,19119761059.475536
2020-09-27,16886146730.050009
2020-09-28,17639951627.948776
2020-09-29,19869963340.485493
2020-09-30,18308943800.639038
2020-10-01,18558607662.6852
2020-10-02,20889752499.95891
2020-10-03,21258724984.475838
2020-10-04,16039831144.937496
2020-10-05,16029160487.55924
2020-10-06,17853484006.269306
2020-10-07,19419734685.095844
2020-10-08,17222472599.6063
2020-10-09,19767968267.462948
2020-10-10,19254933802.105747
2020-10-11,19496631246.27072
2020-10-12,16270141989.732687
2020-10-13,20957733313.86495
2020-10-14,19556025069.397404
2020-10-15,20441486195.023685
2020-10-16,20511481706.663586
2020-10-17,20436703034.239178
2020-10-18,15650920221.099894
2020-10-19,15569792414.423223
2020-10-20,18121468516.27194
2020-10-21,21431994055.82887
2020-10-22,29314287990.069
2020-10-23,25070864646.764915
2020-10-24,21379873277.585674
2020-10-25,19302801174.758503
2020-10-26,18998745579.318
2020-10-27,21507619985.694366
2020-10-28,23918511528.069115
2020-10-29,26825856788.112816
2020-10-30,22860841953.831577
2020-10-31,23482756915.113663
2020-11-01,22691200479.405403
2020-11-02,19771957707.937115
2020-11-03,22630851230.49477
2020-11-04,22602862338.46403
2020-11-05,25857225138.46526
2020-11-06,36313255719.023285
2020-11-07,34523587704.57108
2020-11-08,30369855794.73288
2020-11-09,24082570971.891495
2020-11-10,29501754042.78257
2020-11-11,21918753732.66584
2020-11-12,23990613793.268227
2020-11-13,28001128791.211353
2020-11-14,24826304419.55837
2020-11-15,22096608221.167004
2020-11-16,19184714602.510406
2020-11-17,24606359052.384533
2020-11-18,31572384445.72333
2020-11-19,40089857655.31074
2020-11-20,30586797551.711708
2020-11-21,28731271104.013725
2020-11-22,31201880851.778336
2020-11-23,33010231293.95878
2020-11-24,33389683851.4282
2020-11-25,49429532567.3455
2020-11-26,32146102840.277466
2020-11-27,48738957776.520256
2020-11-28,30680336583.342796
2020-11-29,24501260966.046284
2020-11-30,23940328528.71234
2020-12-01,36160827241.441734
2020-12-02,38614628143.57325
2020-12-03,28923102074.82652
2020-12-04,24342606870.708958
2020-12-05,26369871383.262005
2020-12-06,23333284386.26552
2020-12-07,21832193872.698597
2020-12-08,22034483383.94943
2020-12-09,26799991795.55794
2020-12-10,29806757748.847992
2020-12-11,24092658533.60422
2020-12-12,26080197328.252396
2020-12-13,21918803313.730873
2020-12-14,23550581096.074562
2020-12-15,21638023119.81534
2020-12-16,24173322660.107285
2020-12-17,39062639738.04841
2020-12-18,60693764158.56218
2020-12-19,37000188847.409645
2020-12-20,35252972899.69343
2020-12-21,32907758817.840942
2020-12-22,38423396405.393135
2020-12-23,38733771616.273865
2020-12-24,42917744239.8244
2020-12-25,36826373658.97133
2020-12-26,36622874229.82892
2020-12-27,41995154622.74047
2020-12-28,56654980595.93094
2020-12-29,42186521237.4668
2020-12-30,38081840205.60215
2020-12-31,43341140482.282166
2021-01-01,43503516563.294876
2021-01-02,34089717988.090446
2021-01-03,57273436641.22308
2021-01-04,178894068361.35312
2021-01-05,74657165356.22716
2021-01-06,67420500715.520256
2021-01-07,71027195897.95125
2021-01-08,78642959829.4919
2021-01-09,82846468856.35208
2021-01-10,55921808671.54423
2021-01-11,73381123612.69325
2021-01-12,111691569520.10521
2021-01-13,68954134557.3671
2021-01-14,65278944793.97605
2021-01-15,57519444621.68669
2021-01-16,63450740093.03335
2021-01-17,55054325262.44017
2021-01-18,50749258739.19448
2021-01-19,46769030146.76761
2021-01-20,51736994549.005974
2021-01-21,58406615612.06859
2021-01-22,69415314297.66626
2021-01-23,69549742252.37038
2021-01-24,43575409684.64115
2021-01-25,42810544126.17814
2021-01-26,50410553261.414444
2021-01-27,48489676580.41073
2021-01-28,51514291052.43235
2021-01-29,51075972572.459564
2021-01-30,97468515525.42249
2021-01-31,52001249491.10806
2021-02-01,42488649643.23183
2021-02-02,49268860242.66622
2021-02-03,50730704376.60918
2021-02-04,49762137494.206696
2021-02-05,54494811707.23047
2021-02-06,47446256481.71452
2021-02-07,57076868562.48764
2021-02-08,53802559038.8092
2021-02-09,86994225365.2278
2021-02-10,78828431117.05534
2021-02-11,70000356395.81508
2021-02-12,66187179918.887886
2021-02-13,61942185128.99905
2021-02-14,55312381649.33813
2021-02-15,57738376570.131905
2021-02-16,61061855793.76279
2021-02-17,64141133353.975624
2021-02-18,68478739131.4286
2021-02-19,58486508605.55778
2021-02-20,71397235196.83829
2021-02-21,77351787996.10461
2021-02-22,61223272210.96276
2021-02-23,101532021847.06647
2021-02-24,116689607925.81473
2021-02-25,73140585468.96529
2021-02-26,60355381275.54549
2021-02-27,74357197463.7094
2021-02-28,50989764248.82767
2021-03-01,59679588927.08056
2021-03-02,63218569171.598305
2021-03-03,53499537416.816475
2021-03-04,59212268141.16633
2021-03-05,60749587836.169136
2021-03-06,56568112294.26829
2021-03-07,41478786533.38212
2021-03-08,46146324828.48082
2021-03-09,53568946625.62234
2021-03-10,57418251743.06042
2021-03-11,63560545036.79726
2021-03-12,64605228617.76096
2021-03-13,59984971691.807
2021-03-14,67332756651.27568
2021-03-15,48104078384.27405
2021-03-16,70594488699.70683
2021-03-17,63219904254.35453
2021-03-18,63368268626.27834
2021-03-19,58387006275.72827
2021-03-20,51948388930.75819
2021-03-21,54549112635.671715
2021-03-22,55664123837.602554
2021-03-23,62001716794.84347
2021-03-24,60383378707.04851
2021-03-25,73029051195.05199
2021-03-26,63401640502.561295
2021-03-27,55442557956.15464
2021-03-28,47285749218.66506
2021-03-29,49315845081.42435
2021-03-30,57387039705.47129
2021-03-31,52387542500.621956
2021-04-01,57495844477.9185
2021-04-02,54320681400.56781
2021-04-03,52224918752.08043
2021-04-04,52067853987.600494
2021-04-05,46156767978.177345
2021-04-06,54670173277.08731
2021-04-07,61497704158.13829
2021-04-08,67617613532.43307
2021-04-09,48714359354.07226
2021-04-10,45880879041.76103
2021-04-11,61788197398.73793
2021-04-12,46792500386.96501
2021-04-13,55994558888.5224
2021-04-14,71993120011.18321
2021-04-15,80157135507.58896
2021-04-16,60495376851.28074
2021-04-17,86260673269.76614
2021-04-18,63808212132.53643
2021-04-19,102065957642.22952
2021-04-20,66156275209.79711
2021-04-21,68166802215.759544
2021-04-22,56115370322.140594
2021-04-23,77897442831.71704
2021-04-24,91138220375.4599
2021-04-25,49296256745.65119
2021-04-26,46233432154.225266
2021-04-27,60226926859.91649
2021-04-28,48468560013.13787
2021-04-29,48072930663.01449
2021-04-30,46958036373.360306
2021-05-01,53879045974.4321
2021-05-02,43967070045.82312
2021-05-03,39072664393.929405
2021-05-04,54132470274.07509
2021-05-05,71296763919.13268
2021-05-06,72158368257.54709
2021-05-07,87510802710.77629
2021-05-08,68154805947.0942
2021-05-09,66812167538.22713
2021-05-10,67906284080.6139
2021-05-11,76672978747.69038
2021-05-12,67726708140.565094
2021-05-13,75523928654.34041
2021-05-14,104203551167.93765
2021-05-15,56820196964.51265
2021-05-16,62896879696.14898
2021-05-17,70636455913.96016
2021-05-18,84054878923.85199
2021-05-19,65037066859.11668
2021-05-20,141151477374.61298
2021-05-21,95001812130.50996
2021-05-22,88706010988.29123
2021-05-23,61178935273.653305
2021-05-24,84358034875.51308
2021-05-25,71163197727.3351
