date,MarketCap
2014-11-01,4358250678.7125
2014-11-02,4359606956.999999
2014-11-03,4361102298.0
2014-11-04,4416492355.9725
2014-11-05,4546689684.735
2014-11-06,4685738573.94
2014-11-07,4598267773.35
2014-11-08,4639316977.02
2014-11-09,4900092960.69292
2014-11-10,4906043990.249999
2014-11-11,4939381807.5
2014-11-12,5648170006.71
2014-11-13,5597421602.175
2014-11-14,5336222507.25
2014-11-15,5095655585.9875
2014-11-16,5236180276.3025
2014-11-17,5200788045.0
2014-11-18,5066663712.555
2014-11-19,5093942323.3125
2014-11-20,4805825477.746428
2014-11-21,4725799744.63716
2014-11-22,4756418767.500001
2014-11-23,4963794289.2375
2014-11-24,5113527167.07
2014-11-25,5080998638.0
2014-11-26,4953852406.650002
2014-11-27,4991429534.4
2014-11-28,5108072424.775
2014-11-29,5082659949.124999
2014-11-30,5104546200.8
2014-12-01,5146696228.575
2014-12-02,5173729065.540001
2014-12-03,5076166196.7
2014-12-04,4997777244.500001
2014-12-05,5109881265.075
2014-12-06,5074368104.025
2014-12-07,5086108461.6
2014-12-08,4910799206.825
2014-12-09,4769269437.600001
2014-12-10,4716905099.220487
2014-12-11,4717173182.024999
2014-12-12,4780796277.1
2014-12-13,4727528507.1
2014-12-14,4764706150.575
2014-12-15,4690951072.25
2014-12-16,4473187530.400002
2014-12-17,4342046795.7
2014-12-18,4219673038.875
2014-12-19,4326569823.5
2014-12-20,4480153981.900002
2014-12-21,4353792201.85
2014-12-22,4498284260.25
2014-12-23,4555334101.5
2014-12-24,4395934387.5
2014-12-25,4342234118.2
2014-12-26,4473844613.694206
2014-12-27,4295536138.8
2014-12-28,4322768586.675
2014-12-29,4271645363.8499985
2014-12-30,4237996980.525
2014-12-31,4338943850.325
2015-01-01,4293958347.0000014
2015-01-02,4301448334.7
2015-01-03,3921358112.1
2015-01-04,3571639780.8
2015-01-05,3740880426.5
2015-01-06,3908408221.3500013
2015-01-07,4053238742.4375
2015-01-08,3897824162.25
2015-01-09,3968992614.2850013
2015-01-10,3763909199.925
2015-01-11,3664201453.6
2015-01-12,3681154854.371071
2015-01-13,3038251389.3
2015-01-14,2362639549.8525
2015-01-15,2890521922.995
2015-01-16,2826188131.0
2015-01-17,2740019366.285
2015-01-18,2871292169.34
2015-01-19,2948379298.875
2015-01-20,2893626589.035
2015-01-21,3080429686.665
2015-01-22,3191202338.1525016
2015-01-23,3203686663.5
2015-01-24,3413521852.0
2015-01-25,3493324595.8274984
2015-01-26,3734336330.6400013
2015-01-27,3568728002.06
2015-01-29,3203612158.433073
2015-01-30,3150704413.815
2015-01-31,3005342178.85
2015-02-01,3119897131.48
2015-02-02,3310466195.25
2015-02-03,3117998019.1275
2015-02-04,3109175682.095
2015-02-05,2994172300.44
2015-02-06,3072075446.7
2015-02-07,3138151161.072499
2015-02-08,3079497925.3725
2015-02-09,3041547650.985
2015-02-10,3049996660.2725
2015-02-11,3029418429.03
2015-02-12,3070809845.0275135
2015-02-13,3260249204.835
2015-02-14,3584044452.9300013
2015-02-15,3224923703.82
2015-02-16,3266299219.505
2015-02-17,3357729670.42
2015-02-18,3250184845.45
2015-02-19,3329826479.07
2015-02-20,3383185375.785
2015-02-21,3384954726.9025
2015-02-22,3266702003.4249988
2015-02-23,3303312137.1225
2015-02-24,3312404143.285
2015-02-25,3294575196.45
2015-02-26,3278687399.961783
2015-02-27,3525782547.105
2015-02-28,3522504178.955
2015-03-01,3580465593.9375
2015-03-02,3751796695.2874985
2015-03-03,3901083285.0899987
2015-03-04,3796353842.947499
2015-03-05,3822334889.7375
2015-03-06,3788784931.469999
2015-03-07,3834877371.4562297
2015-03-08,3821054905.8
2015-03-09,4027806171.9600015
2015-03-10,4043022165.1175
2015-03-11,4122115211.9
2015-03-12,4095470764.185
2015-03-13,4014523120.5749984
2015-03-14,3924198780.6125
2015-03-15,3977863688.6375
2015-03-16,4046186762.5125012
2015-03-17,3967004055.1925
2015-03-18,3566978130.845
2015-03-19,3629235646.08
2015-03-20,3642718765.4375
2015-03-21,3623906198.45
2015-03-22,3740905133.6624985
2015-03-23,3717118257.44
2015-03-24,3426730125.8925
2015-03-25,3443109527.925
2015-03-26,3462026772.6875
2015-03-27,3457360133.78
2015-03-28,3526137495.545
2015-03-29,3384336375.9449987
2015-03-30,3449082800.73
2015-03-31,3403299617.6200013
2015-04-01,3456621444.825
2015-04-02,3535619144.775
2015-04-03,3554522140.4999986
2015-04-04,3551247974.375
2015-04-05,3641795729.9099984
2015-04-06,3582471422.0625
2015-04-07,3551882233.75
2015-04-08,3427768044.885
2015-04-09,3413570471.5539427
2015-04-10,3292518276.0975
2015-04-11,3319540687.6575
2015-04-12,3309551885.795
2015-04-13,3146530899.9
2015-04-14,3063792222.9375
2015-04-15,3134965194.7125
2015-04-16,3205775569.775
2015-04-17,3127985665.9882746
2015-04-18,3136367731.6949987
2015-04-19,3133241391.63
2015-04-20,3157115506.425
2015-04-21,3304071908.9550014
2015-04-22,3292205018.715
2015-04-23,3312571610.275
2015-04-24,3254290910.1525
2015-04-25,3184369639.96
2015-04-26,3080176877.25
2015-04-27,3222813920.04
2015-04-28,3182408229.6824985
2015-04-29,3188139664.71
2015-04-30,3333116826.64
2015-05-01,3284896594.1999984
2015-05-02,3319854338.695
2015-05-03,3387421698.4
2015-05-04,3375292445.5799985
2015-05-05,3334246892.1125016
2015-05-06,3246886599.4
2015-05-07,3346205371.2500014
2015-05-08,3442447010.25
2015-05-09,3412425891.825
2015-05-10,3384490103.1
2015-05-11,3416925739.45
2015-05-12,3412239398.9250016
2015-05-13,3326910420.225
2015-05-14,3344213288.0
2015-05-15,3348265270.1
2015-05-16,3333957591.325
2015-05-17,3335463662.775
2015-05-18,3284474808.525
2015-05-19,3276971294.9500012
2015-05-20,3306688656.0
2015-05-21,3326079679.1249986
2015-05-22,3419033119.26
2015-05-23,3392690898.43522
2015-05-24,3424926508.0275016
2015-05-25,3371792792.55
2015-05-26,3373426620.6825
2015-05-27,3370470121.0375
2015-05-28,3374927913.9625015
2015-05-29,3369940317.075
2015-05-30,3319341161.04
2015-05-31,3266430207.375
2015-06-01,3176729202.67
2015-06-02,3212024675.365
2015-06-03,3208477948.985
2015-06-04,3189861690.38
2015-06-05,3197922617.155
2015-06-06,3205714609.215
2015-06-07,3181906060.795
2015-06-08,3254270843.1550016
2015-06-09,3266011479.8399987
2015-06-10,3258552454.57
2015-06-11,3271815631.7050014
2015-06-12,3280122726.235
2015-06-13,3310175113.435
2015-06-14,3324945178.735
2015-06-15,3375220318.155
2015-06-16,3564086480.705
2015-06-17,3524530310.6400013
2015-06-18,3536733401.1999984
2015-06-19,3457685093.145
2015-06-20,3492955382.99
2015-06-21,3488836375.125
2015-06-22,3536683169.6000013
2015-06-23,3488498071.6
2015-06-24,3442040366.0175014
2015-06-25,3470729479.685
2015-06-26,3471728541.2025
2015-06-27,3589074420.225
2015-06-28,3557369715.93
2015-06-29,3672257830.226641
2015-06-30,3760650012.699992
2015-07-01,3691294141.84
2015-07-02,3651410104.6425366
2015-07-03,3659678537.625
2015-07-04,3736024266.375
2015-07-05,3889432509.487961
2015-07-06,3855533497.75
2015-07-07,3810376692.0404396
2015-07-08,3871966451.4313917
2015-07-09,3862503903.2800016
2015-07-10,4095521056.4875
2015-07-11,4195301867.783395
2015-07-12,4459352692.658084
2015-07-13,4179711756.9
2015-07-14,4122384618.0649986
2015-07-15,4084701354.030234
2015-07-16,3981564979.0499988
2015-07-17,4007009432.32
2015-07-18,3951120257.4274983
2015-07-19,3926969933.4822383
2015-07-20,3993823954.025
2015-07-21,3961652068.233111
2015-07-22,3980470592.0700016
2015-07-23,3973299338.7
2015-07-24,4158911304.5409093
2015-07-25,4158095826.323497
2015-07-26,4205901558.4920735
2015-07-27,4219037232.32
2015-07-28,4238912996.72
2015-07-29,4162873225.658961
2015-07-30,4135724833.44
2015-07-31,4090154891.219836
2015-08-01,4047265065.76
2015-08-02,4062048251.28
2015-08-03,4063535808.711956
2015-08-04,4098275923.12
2015-08-05,4057353077.6039124
2015-08-06,4008508406.56
2015-08-07,4015651480.2780004
2015-08-08,3745910822.1530533
2015-08-09,3811337988.900654
2015-08-10,3817350354.96
2015-08-11,3909600811.62
2015-08-12,3879202423.705
2015-08-13,3821420843.637938
2015-08-14,3843674745.1425014
2015-08-15,3777139796.810643
2015-08-16,3739450598.7300014
2015-08-17,3729475807.2000012
2015-08-18,3672268004.3
2015-08-19,3279919634.095
2015-08-20,3406736999.8375
2015-08-21,3374233144.9200015
2015-08-22,3328896176.08
2015-08-23,3302029052.6449986
2015-08-24,3053595830.271203
2015-08-25,3217665292.1924987
2015-08-26,3275815633.8700013
2015-08-27,3243160210.6
2015-08-28,3370431355.445
2015-08-29,3324950575.2675
2015-08-30,3319968528.72
2015-08-31,3350144206.29
2015-09-01,3308579439.8025
2015-09-02,3331062656.779999
2015-09-03,3301579143.195
2015-09-04,3353296684.9425
2015-09-05,3422635972.525
2015-09-06,3487336313.1499987
2015-09-07,3508277386.75
2015-09-08,3553698013.0575
2015-09-09,3472697170.03
2015-09-10,3485799693.18
2015-09-11,3504653618.529092
2015-09-12,3431133648.015
2015-09-13,3367623264.4200015
2015-09-14,3364179590.25
2015-09-15,3360764475.475
2015-09-16,3340446394.8000016
2015-09-17,3403177100.1
2015-09-18,3399002106.7
2015-09-19,3383904198.1124988
2015-09-20,3375670110.545
2015-09-21,3314850054.32
2015-09-22,3365879385.27
2015-09-23,3366614506.8
2015-09-24,3426856523.425
2015-09-25,3443254571.12
2015-09-26,3437534062.2749987
2015-09-27,3413577894.9649987
2015-09-28,3508852288.5125
2015-09-29,3479847405.18
2015-09-30,3463401139.065
2015-10-01,3489093808.33
2015-10-02,3482919072.1399984
2015-10-03,3508906579.53
2015-10-04,3505203181.935
2015-10-05,3530596945.8
2015-10-06,3621402163.5
2015-10-07,3574397657.8275013
2015-10-08,3569664084.28
2015-10-09,3588832044.4725
2015-10-10,3607756618.6475
2015-10-11,3640379548.48
2015-10-12,3611362597.2775
2015-10-13,3667819987.0025
2015-10-14,3720285701.44
2015-10-15,3749948525.3464403
2015-10-16,3864938757.1125
2015-10-17,3983558775.515
2015-10-18,3864772725.825
2015-10-19,3894955159.095
2015-10-20,3985078067.9999986
2015-10-21,3938178700.69
2015-10-22,4035872003.8499985
2015-10-23,4093191773.3699985
2015-10-24,4176382824.68
2015-10-25,4203955930.025
2015-10-26,4215884952.015
2015-10-27,4354732830.689999
2015-10-28,4486177628.595
2015-10-29,4639133966.8275
2015-10-30,4816269544.724998
2015-10-31,4617510889.9075
2015-11-01,4806796483.202498
2015-11-02,5189223756.42
2015-11-03,5893149469.89
2015-11-04,5985308848.63
2015-11-05,5736789622.45
2015-11-06,5521254799.200002
2015-11-07,5733490750.499998
2015-11-08,5504396533.200002
2015-11-09,5641277305.399999
2015-11-10,4993780086.524999
2015-11-11,4537161821.449999
2015-11-12,5012582355.5
2015-11-13,5005284729.2
2015-11-14,4919391964.75
2015-11-15,4757160338.7
2015-11-16,4919473733.625
2015-11-17,4976968038.7
2015-11-18,4983266453.2
2015-11-19,4837533520.000002
2015-11-20,4777269083.55
2015-11-21,4834317690.45
2015-11-22,4809449591.25
2015-11-23,4802404204.000002
2015-11-24,4761183526.824999
2015-11-25,4884311515.724998
2015-11-26,5303722123.25
2015-11-27,5346023825.725
2015-11-28,5305804455.9
2015-11-29,5534688265.600001
2015-11-30,5637217098.625
2015-12-01,5417967322.499998
2015-12-02,5350373990.499998
2015-12-03,5383466480.7
2015-12-04,5411894143.624998
2015-12-05,5829507439.875
2015-12-06,5881283993.699999
2015-12-07,5887868033.125
2015-12-08,6167016640.750002
2015-12-09,6235070986.199999
2015-12-10,6230407267.5
2015-12-11,6762812523.749998
2015-12-12,6502593547.975
2015-12-13,6517994663.125002
2015-12-14,6631778541.6
2015-12-15,6958907659.574999
2015-12-16,6794808883.749998
2015-12-17,6834975641.85
2015-12-18,6946908498.6
2015-12-19,6922223916.849998
2015-12-20,6610549657.724998
2015-12-21,6562505169.825002
2015-12-22,6540512246.925001
2015-12-23,6640942254.9
2015-12-24,6823821080.825
2015-12-25,6838203626.099998
2015-12-26,6260008700.4
2015-12-27,6364767557.5
2015-12-28,6318056013.9
2015-12-29,6491698545.650002
2015-12-30,6413208734.625
2015-12-31,6479728151.175
2016-01-01,6530621623.574999
2016-01-02,6530688608.250002
2016-01-03,6470199429.9
2016-01-04,6522334778.049998
2016-01-05,6502628563.125
2016-01-06,6492499350.975001
2016-01-07,6870164692.05
2016-01-08,6847658073.555001
2016-01-09,6759240198.750002
2016-01-10,6738604517.399999
2016-01-11,6757695467.600001
2016-01-12,6721027667.2
2016-01-13,6516499236.000002
2016-01-14,6474583370.174998
2016-01-15,5519407460.2
2016-01-16,5806905132.6
2016-01-17,5830189311.200002
2016-01-18,5814809590.700002
2016-01-19,5723770825.5
2016-01-20,6326929406.4
2016-01-21,6161646248.875003
2016-01-22,5700897323.250002
2016-01-23,5889248376.549998
2016-01-24,6094932220.799998
2016-01-25,5934195570.050001
2016-01-26,5937437389.799997
2016-01-27,5968224752.175
2016-01-28,5745544310.399999
2016-01-29,5737400248.8
2016-01-30,5709052772.55
2016-01-31,5520342696.0
2016-02-01,5623172735.125
2016-02-02,5652529732.799998
2016-02-03,5582278351.5
2016-02-04,5891023099.599998
2016-02-05,5852736452.325002
2016-02-06,5690251854.249998
2016-02-07,5701239912.875003
2016-02-08,5636117687.999998
2016-02-09,5679902055.4
2016-02-10,5771368714.85
2016-02-11,5730998806.5
2016-02-12,5818750496.0
2016-02-13,5937412022.400002
2016-02-14,6147686974.000002
2016-02-15,6076721221.075
2016-02-16,6194279970.374997
2016-02-17,6345582494.999998
2016-02-18,6417045471.750002
2016-02-19,6387331882.925
2016-02-20,6720209555.999997
2016-02-21,6684028071.249998
2016-02-22,6672478907.474998
2016-02-23,6407178255.950002
2016-02-24,6452416826.400002
2016-02-25,6453391534.75
2016-02-26,6514156583.4
2016-02-27,6593663289.800001
2016-02-28,6605163875.275002
2016-02-29,6669535766.075
2016-03-01,6586086153.8
2016-03-02,6482862265.5
2016-03-03,6418406144.699999
2016-03-04,6255529065.6
2016-03-05,6071173237.350001
2016-03-06,6189869498.4
2016-03-07,6326260439.5
2016-03-08,6299329213.400002
2016-03-09,6307800373.650002
2016-03-10,6370256293.500002
2016-03-11,6417916283.7
2016-03-12,6289332499.925001
2016-03-13,6316587496.874998
2016-03-14,6350177715.75
2016-03-15,6367983805.875002
2016-03-16,6383495145.600001
2016-03-17,6413413020.000002
2016-03-18,6259667304.0
2016-03-19,6237403575.849998
2016-03-20,6317806512.750002
2016-03-21,6307102003.85
2016-03-22,6389481378.0
2016-03-23,6417382984.8
2016-03-24,6369854280.124998
2016-03-25,6384534070.275
2016-03-26,6401148697.124998
2016-03-27,6535264076.775
2016-03-28,6497115017.1
2016-03-29,6388027423.525002
2016-03-30,6344204936.175
2016-03-31,6388090244.55
2016-04-01,6410999713.95
2016-04-02,6457346880.750002
2016-04-03,6435354873.375002
2016-04-04,6456959980.95
2016-04-05,6508054061.925
2016-04-06,6494387877.599999
2016-04-07,6486917898.7
2016-04-08,6448380946.350001
2016-04-09,6413012926.125
2016-04-10,6492839084.15
2016-04-11,6516847462.200002
2016-04-12,6573884543.1
2016-04-13,6546120648.075002
2016-04-14,6558071165.7
2016-04-15,6637309897.95
2016-04-16,6653836775.25
2016-04-17,6610502491.375
2016-04-18,6619389285.599997
2016-04-19,6742483781.0
2016-04-20,6830010642.2
2016-04-21,6973348482.375003
2016-04-22,6919439820.8
2016-04-23,6987975324.3
2016-04-24,7114859335.024999
2016-04-25,7123685299.599998
2016-04-26,7240796776.799998
2016-04-27,6885300360.825
2016-04-28,6957889602.774999
2016-04-29,7070940369.350001
2016-04-30,6938342199.674998
2016-05-01,7012822521.599999
2016-05-02,6888908380.2
2016-05-03,6980741977.5
2016-05-04,6933273129.45
2016-05-05,6962982234.899999
2016-05-06,7161803490.000002
2016-05-07,7126736757.199997
2016-05-08,7129139992.975
2016-05-09,7169395601.225
2016-05-10,6993799201.149999
2016-05-11,7024148586.0
2016-05-12,7065405649.050001
2016-05-13,7086941589.100001
2016-05-14,7080714421.975001
2016-05-15,7118621364.875
2016-05-16,7074393585.075
2016-05-17,7037627799.900001
2016-05-18,7054124066.025002
2016-05-19,6855767039.274998
2016-05-20,6878428608.0
2016-05-21,6899543980.474998
2016-05-22,6831902516.250002
2016-05-23,6903990658.125001
2016-05-24,6945849971.525
2016-05-25,6998825287.124998
2016-05-26,7073262177.9
2016-05-27,7388724420.000002
2016-05-28,8243121751.874998
2016-05-29,8182390025.2
2016-05-30,8335577205.600003
2016-05-31,8293336919.625002
2016-06-01,8416291167.199999
2016-06-02,8413013019.599999
2016-06-03,8908568259.374998
2016-06-04,8958404429.249998
2016-06-05,8975651027.512924
2016-06-06,9151383511.05
2016-06-07,9033842181.758211
2016-06-08,9117713569.924997
2016-06-09,9033585757.725
2016-06-10,9060944979.936224
2016-06-11,9352955399.176626
2016-06-12,10512767357.042526
2016-06-13,11025583301.960873
2016-06-14,10740428205.860779
2016-06-15,10857217289.949999
2016-06-16,11991494582.524998
2016-06-17,11742908607.649998
2016-06-18,11861509350.417933
2016-06-19,11978503075.35
2016-06-20,11512940800.437586
2016-06-21,10430819686.117899
2016-06-22,9286122275.999998
2016-06-23,9779539536.75046
2016-06-24,10381264326.27785
2016-06-25,10456807082.239622
2016-06-26,9882102246.55
2016-06-27,10182702232.499996
2016-06-28,10162291635.799995
2016-06-29,10016780633.550001
2016-06-30,10556309174.399996
2016-07-01,10654888849.0
2016-07-02,10897332418.600002
2016-07-03,10456041581.34137
2016-07-04,10678148801.861637
2016-07-05,10504760879.50388
2016-07-06,10639167835.700003
2016-07-07,10054273625.000002
2016-07-08,10483645176.39353
2016-07-09,10298813661.942278
2016-07-10,10244077501.140005
2016-07-11,10225531860.960001
2016-07-12,10571303711.856
2016-07-13,10370703851.400002
2016-07-14,10394281928.736004
2016-07-15,10491679653.244476
2016-07-16,10458476976.564003
2016-07-17,10694420116.412525
2016-07-18,10638777020.11729
2016-07-19,10636194258.165003
2016-07-20,10579131342.279295
2016-07-21,10493517598.78291
2016-07-22,10269410781.96
2016-07-23,10338768243.216002
2016-07-24,10425364936.563225
2016-07-25,10326505495.914951
2016-07-26,10276898043.719997
2016-07-27,10345876482.259167
2016-07-28,10351218168.470943
2016-07-29,10375300169.233873
2016-07-30,10332176091.135323
2016-07-31,9847086965.691307
2016-08-01,9564059424.39599
2016-08-02,8165924598.986262
2016-08-03,8960483430.825201
2016-08-04,9107192616.42881
2016-08-05,9099338658.916801
2016-08-06,9283768001.279999
2016-08-07,9364319558.91
2016-08-08,9334500359.099998
2016-08-09,9249860835.689997
2016-08-10,9361030948.519566
2016-08-11,9288488901.621603
2016-08-12,9272434001.039999
2016-08-13,9241013898.483736
2016-08-14,9024984099.855598
2016-08-15,8978508769.857576
2016-08-16,9145336947.424574
2016-08-17,9039235990.703674
2016-08-18,9053050627.41776
2016-08-19,9073411771.816164
2016-08-20,9208301151.705597
2016-08-21,9187908144.199305
2016-08-22,9262302916.86
2016-08-23,9212472965.774399
2016-08-24,9148400141.820934
2016-08-25,9121223051.838001
2016-08-26,9153633133.989597
2016-08-27,9003730818.600002
2016-08-28,9083223370.0416
2016-08-29,9068122329.394085
2016-08-30,9125715540.480001
2016-08-31,9058256694.850403
2016-09-01,9056523459.6
2016-09-02,9095188851.299997
2016-09-03,9448393429.680002
2016-09-04,9647700436.713598
2016-09-05,9616262727.204
2016-09-06,9681336387.393599
2016-09-07,9740198080.118103
2016-09-08,9917920559.610003
2016-09-09,9862631720.699999
2016-09-10,9881939361.403202
2016-09-11,9601743135.428337
2016-09-12,9611117069.21902
2016-09-13,9625199430.6
2016-09-14,9654573079.500004
2016-09-15,9610607638.994402
2016-09-16,9627042762.308758
2016-09-17,9609021664.307999
2016-09-18,9664864143.000004
2016-09-19,9663034352.091307
2016-09-20,9650615110.177094
2016-09-21,9462412679.832169
2016-09-22,9449414102.3184
2016-09-23,9560527881.960001
2016-09-24,9551877467.340004
2016-09-25,9522044919.525595
2016-09-26,9630957511.517817
2016-09-27,9602128427.579998
2016-09-28,9592874199.359997
2016-09-29,9611116960.350002
2016-09-30,9669703048.380001
2016-10-01,9763087934.558167
2016-10-02,9705298188.753601
2016-10-03,9731860020.793758
2016-10-04,9689785072.17
2016-10-05,9729061309.2156
2016-10-06,9719787549.600002
2016-10-07,9804216114.139202
2016-10-08,9810492980.9568
2016-10-09,9781273121.407202
2016-10-10,9777010536.4368
2016-10-11,10198278180.0
2016-10-12,10118464865.982
2016-10-13,10103624253.93074
2016-10-14,10161283203.119995
2016-10-15,10146912931.2
2016-10-16,10195309967.356796
2016-10-17,10153229676.240002
2016-10-18,10122263522.220001
2016-10-19,10011295942.5
2016-10-20,10013934081.66
2016-10-21,10033936840.324793
2016-10-22,10391486423.849998
2016-10-23,10353442542.796803
2016-10-24,10340849544.8076
2016-10-25,10403520542.2512
2016-10-26,10735427840.760002
2016-10-27,10896021892.289997
2016-10-28,10963463344.929598
2016-10-29,11409389607.07833
2016-10-30,11121149986.537748
2016-10-31,11143032475.877998
2016-11-01,11633474056.199999
2016-11-02,11713747881.6912
2016-11-03,10947521327.777992
2016-11-04,11204614009.68
2016-11-05,11236368065.399996
2016-11-06,11367022667.714403
2016-11-07,11271922275.869999
2016-11-08,11318680821.599998
2016-11-09,11515479618.419998
2016-11-10,11389753141.977827
2016-11-11,11429941440.150002
2016-11-12,11241603256.32
2016-11-13,11220193117.664371
2016-11-14,11279469101.249998
2016-11-15,11386521351.124006
2016-11-16,11847684538.725115
2016-11-17,11810455253.999998
2016-11-18,11970910272.5825
2016-11-19,12003962099.202116
2016-11-20,11652611522.3775
2016-11-21,11783996774.934998
2016-11-22,11971109864.2825
2016-11-23,11861151745.206772
2016-11-24,11791975961.232533
2016-11-25,11816670435.200802
2016-11-26,11730463632.615002
2016-11-27,11652161720.374998
2016-11-28,11719038707.963842
2016-11-29,11719891045.97
2016-11-30,11890119632.989996
2016-12-01,12062849170.250002
2016-12-02,12354385552.1631
2016-12-03,12254501749.676565
2016-12-04,12280532758.265596
2016-12-05,12055567493.999994
2016-12-06,12160418226.562498
2016-12-07,12245767526.624998
2016-12-08,12323570551.874998
2016-12-09,12343519928.004997
2016-12-10,12397466677.567526
2016-12-11,12320826024.727497
2016-12-12,12485927227.144997
2016-12-13,12484153823.955006
2016-12-14,12444714533.525003
2016-12-15,12444351602.187496
2016-12-16,12538210372.300001
2016-12-17,12660596387.812498
2016-12-18,12654965391.075603
2016-12-19,12683371140.053095
2016-12-20,12838925680.525
2016-12-21,13272429704.645525
2016-12-22,13799864746.8981
2016-12-23,14728698437.88
2016-12-24,14322006704.34
2016-12-25,14366519915.082954
2016-12-26,14501002033.91
2016-12-27,14928671401.875002
2016-12-28,15702309526.679998
2016-12-29,15617018872.949997
2016-12-30,15445427987.500002
2016-12-31,15537921940.53077
2017-01-01,16045986192.85
2017-01-02,16387926824.930002
2017-01-03,16652715382.972502
2017-01-04,18187664239.845806
2017-01-05,15934886737.499996
2017-01-06,14382278476.6875
2017-01-07,14481153594.445597
2017-01-08,14611836820.125006
2017-01-09,14513519375.287489
2017-01-10,14577733897.52693
2017-01-11,12624083564.875004
2017-01-12,12869633173.255001
2017-01-13,13274790985.975603
2017-01-14,13169067953.750004
2017-01-15,13236623006.074997
2017-01-16,13341392032.219997
2017-01-17,14564800038.017504
2017-01-18,14079682756.124992
2017-01-19,14451431614.25
2017-01-20,14366002978.3256
2017-01-21,14822821174.630005
2017-01-22,14810403902.437784
2017-01-23,14814052397.812502
2017-01-24,14281760609.625599
2017-01-25,14407365094.065598
2017-01-26,14762033603.999998
2017-01-27,14811184892.8875
2017-01-28,14844529150.19
2017-01-29,14747986190.022495
2017-01-30,14860100039.695711
2017-01-31,15624634422.4056
2017-02-01,15922459702.093218
2017-02-02,16276789219.937464
2017-02-03,16392262891.437502
2017-02-04,16687723783.25
2017-02-05,16420090077.568644
2017-02-06,16544150319.051847
2017-02-07,16981015237.500008
2017-02-08,17045265643.7481
2017-02-09,15858560740.5
2017-02-10,16028562068.135601
2017-02-11,16334579162.865597
2017-02-12,16167938833.727505
2017-02-13,16098583564.75675
2017-02-14,16326912555.985212
2017-02-15,16308969767.019999
2017-02-16,16731535006.800604
2017-02-17,17083619843.997013
2017-02-18,17118312229.51949
2017-02-19,17037979881.749996
2017-02-20,17500458951.95995
2017-02-21,18202277765.49074
2017-02-22,18168250822.125
2017-02-23,19176691563.44728
2017-02-24,19108706913.124996
2017-02-25,18601876715.06894
2017-02-26,19110682514.326004
2017-02-27,19314424735.21033
2017-02-28,19271383899.146996
2017-03-01,19875003126.771698
2017-03-02,20437807786.697002
2017-03-03,20884867165.511112
2017-03-04,20551257963.730083
2017-03-05,20673857896.125004
2017-03-06,20753062038.099995
2017-03-07,19978921138.285755
2017-03-08,18629281761.825005
2017-03-09,19305673114.12323
2017-03-10,17829356645.959938
2017-03-11,19147525540.5318
2017-03-12,19950023304.0
2017-03-13,20158188044.32141
2017-03-14,20214039431.746094
2017-03-15,20409261728.958996
2017-03-16,19743578282.65421
2017-03-17,17423426593.321995
2017-03-18,15606390507.000002
2017-03-19,16606689806.263306
2017-03-20,16816818647.793924
2017-03-21,18058074337.21503
2017-03-22,16877645842.247137
2017-03-23,16705852353.567331
2017-03-24,15261293153.465893
2017-03-25,15672767506.162113
2017-03-26,15499531724.033215
2017-03-27,16932388062.889202
2017-03-28,16968792612.799994
2017-03-29,16871375654.368252
2017-03-30,16757840043.708635
2017-03-31,17519577833.28675
2017-04-01,17634831646.535995
2017-04-02,
2017-04-03,18517903140.18806
2017-04-04,18539058629.558556
2017-04-05,18408732920.443806
2017-04-06,19416796070.09999
2017-04-07,19347052264.0503
2017-04-08,19227110119.602
2017-04-09,19316186631.362995
2017-04-10,19691023824.75
2017-04-11,19955556306.916
2017-04-12,19822303422.025
2017-04-13,19106860359.408
2017-04-14,19263144684.95
2017-04-15,19210567706.901
2017-04-16,19310204918.47
2017-04-17,19618884439.9
2017-04-18,19823480859.0
2017-04-19,19958292470.9
2017-04-20,20419371472.848
2017-04-21,20439557226.725
2017-04-22,20355249795.0
2017-04-23,20327793187.52
2017-04-24,20364256790.6925
2017-04-25,20579834197.125
2017-04-26,20977699422.84
2017-04-27,21697132034.375
2017-04-28,21534600390.46
2017-04-29,21643161383.0556
2017-04-30,22007601314.79
2017-05-01,22964730936.125
2017-05-02,23518941607.875
2017-05-03,24231937589.4375
2017-05-04,24455911024.0
2017-05-05,24567395211.1206
2017-05-06,25252078563.53
2017-05-07,25419561546.555
2017-05-08,26655087385.5
2017-05-09,27748404857.4425
2017-05-10,28521047690.935
2017-05-11,29527250348.0656
2017-05-12,27767470033.9575
2017-05-13,28602793979.76
2017-05-14,28867391787.52
2017-05-15,27702000821.75
2017-05-16,28034610160.905
2017-05-17,29477763646.6281
2017-05-18,30868475119.0056
2017-05-19,32237082949.2181
2017-05-20,33393518554.5
2017-05-21,33568054937.0756
2017-05-22,34479453631.095
2017-05-23,37479380943.125
2017-05-24,40025140034.1006
2017-05-25,38704024228.25
2017-05-26,36997900173.0
2017-05-27,34066387966.5
2017-05-28,36305932627.5
2017-05-29,37402630788.11
2017-05-30,35466825282.315
2017-05-31,38113024210.0
2017-06-01,39868442921.8656
2017-06-02,41152717323.6675
2017-06-03,41949676689.0
2017-06-04,41854068527.985
2017-06-05,44563721217.1875
2017-06-06,47547556371.0756
2017-06-07,44484425844.04
2017-06-08,46261410000.6806
2017-06-09,46149913864.145
2017-06-10,48127389931.89
2017-06-11,49382412955.42
2017-06-12,44267424094.875
2017-06-13,44844697932.88
2017-06-14,41033780985.98741
2017-06-15,40072859209.16968
2017-06-16,41213920649.6624
2017-06-17,44001982613.919
2017-06-18,42262755911.74297
2017-06-19,42971547871.184555
2017-06-20,45561980141.81072
2017-06-21,44569583131.63903
2017-06-22,44703988751.351746
2017-06-23,44920255723.30297
2017-06-24,42966679003.94212
2017-06-25,42781394178.82268
2017-06-26,40837922140.409676
2017-06-27,41550828140.55376
2017-06-28,42279511902.81053
2017-06-29,42057301540.09505
2017-06-30,40897674121.940735
2017-07-01,40066457532.22669
2017-07-02,41365191378.720184
2017-07-03,42326047726.1706
2017-07-04,42894251457.13055
2017-07-05,42836970322.05267
2017-07-06,42931269844.38585
2017-07-07,41236052946.94405
2017-07-08,42128232902.263275
2017-07-09,41409824820.38926
2017-07-10,38856285254.84228
2017-07-11,38703498121.36672
2017-07-12,39258160520.55891
2017-07-13,38884514157.240425
2017-07-14,36658380771.82992
2017-07-15,33447052810.303905
2017-07-16,31704152052.833904
2017-07-17,35890008657.39433
2017-07-18,37911881677.64932
2017-07-19,37434637985.045944
2017-07-20,45540558047.53742
2017-07-21,43755767266.33141
2017-07-22,46136314314.91937
2017-07-23,44977531723.6921
2017-07-24,45308735082.91261
2017-07-25,42223997194.01208
2017-07-26,41300436593.94769
2017-07-27,43645402712.15232
2017-07-28,46111586171.418274
2017-07-29,44819837646.14303
2017-07-30,45158066501.84347
2017-07-31,47322548226.26965
2017-08-01,45126045890.85253
2017-08-02,44473195322.900276
2017-08-03,45788833023.80792
2017-08-04,46925073392.63279
2017-08-05,53382167034.14344
2017-08-06,52607099482.05991
2017-08-07,55367416610.36144
2017-08-08,56260701200.034225
2017-08-09,54954274834.24823
2017-08-10,55570438886.95547
2017-08-11,58788973716.33661
2017-08-12,62715286393.358154
2017-08-13,66405071142.320496
2017-08-14,68927834713.06955
2017-08-15,68500212180.10542
2017-08-16,70376601817.48047
2017-08-17,70778773053.66321
2017-08-18,67671539511.38793
2017-08-19,67968693045.18288
2017-08-20,66092742688.79337
2017-08-21,65008176478.93846
2017-08-22,66221496790.766624
2017-08-23,67231683430.31014
2017-08-24,68859869628.5617
2017-08-25,69403950803.04054
2017-08-26,68147140643.37593
2017-08-27,68038485482.57394
2017-08-28,69694649043.72203
2017-08-29,72641940495.6991
2017-08-30,75292523274.51767
2017-08-31,77767841900.02457
2017-09-01,80428274476.4107
2017-09-02,75367266379.22632
2017-09-03,76631058145.99944
2017-09-04,71425022760.39119
2017-09-05,73598219046.08562
2017-09-06,75996461011.38934
2017-09-07,75883474995.22142
2017-09-08,70933796921.03749
2017-09-09,70287354161.79593
2017-09-10,68424784707.49242
2017-09-11,68968724069.36708
2017-09-12,68415142331.638626
2017-09-13,64328714659.05176
2017-09-14,51366093442.36449
2017-09-15,59446207725.41725
2017-09-16,59757602841.68003
2017-09-17,58889832717.23171
2017-09-18,66500676482.32742
2017-09-19,64629619385.94208
2017-09-20,63957210363.29384
2017-09-21,60152757874.00039
2017-09-22,60061814860.04741
2017-09-23,62411285738.3069
2017-09-24,60907151775.202774
2017-09-25,64137374771.87553
2017-09-26,63915425115.126785
2017-09-27,68589320812.824844
2017-09-28,68609525756.87619
2017-09-29,68544241007.41879
2017-09-30,71329258156.47789
2017-10-01,72162524814.14323
2017-10-02,72763860755.0592
2017-10-03,71707074498.61319
2017-10-04,70259971867.79242
2017-10-05,71244448102.50621
2017-10-06,72202651600.90865
2017-10-07,73165830198.24252
2017-10-08,75788890435.07802
2017-10-09,79061044585.54332
2017-10-10,79249573590.62794
2017-10-11,79896727838.75774
2017-10-12,88609513441.24539
2017-10-13,93253757323.27051
2017-10-14,94406037193.81062
2017-10-15,94500193338.09784
2017-10-16,95258545426.38307
2017-10-17,93855824390.12392
2017-10-18,93017336298.87627
2017-10-19,94752516351.64403
2017-10-20,99030673396.69295
2017-10-21,100559216276.95663
2017-10-22,99899292227.65865
2017-10-23,99188570754.3323
2017-10-24,92378194194.24738
2017-10-25,94967978387.47089
2017-10-26,97947023064.89772
2017-10-27,96164443214.40039
2017-10-28,95484533854.62123
2017-10-29,101977770673.5449
2017-10-30,101669814828.64807
2017-10-31,106082152741.21794
2017-11-01,111860407349.42265
2017-11-02,117621545279.66475
2017-11-03,120546744685.76022
2017-11-04,123154674357.55318
2017-11-05,123596829565.80898
2017-11-06,118388777524.7116
2017-11-07,119464110442.1775
2017-11-08,124396351241.9002
2017-11-09,119816786360.01381
2017-11-10,110999386930.46329
2017-11-11,106146109132.28351
2017-11-12,97832172888.05261
2017-11-13,107125442451.24033
2017-11-14,110957725266.311
2017-11-15,121737427357.354
2017-11-16,130381304858.568
2017-11-17,129865386010.109
2017-11-18,130622715624.408
2017-11-19,133701043637.728
2017-11-20,137213053125.934
2017-11-21,135455116259.548
2017-11-22,137857431278.079
2017-11-23,135545106327.703
2017-11-24,138239984963.008
2017-11-25,146022669794.181
2017-11-26,156058041450.11
2017-11-27,164237026935.379
2017-11-28,171368281967.209
2017-11-29,165021094137.072
2017-11-30,173903131019.367
2017-12-01,183780731163.873
2017-12-02,186591841366.624
2017-12-03,188190520506.165
2017-12-04,194541160318.899
2017-12-05,203585321680.101
2017-12-06,232080024191.322
2017-12-07,309298517515.443
2017-12-08,282850210542.754
2017-12-09,255421618137.278
2017-12-10,264523195368.976
2017-12-11,286279279595.202
2017-12-12,288713846623.762
2017-12-13,276619329724.168
2017-12-14,282355027769.183
2017-12-15,301031043805.055
2017-12-16,329315720181.841
2017-12-17,325311461891.215
2017-12-18,321409248360.935
2017-12-19,304459646943.618
2017-12-20,285821795917.542
2017-12-21,274043056258.078
2017-12-22,236028031210.852
2017-12-23,255444795621.567
2017-12-24,242218743695.445
2017-12-25,239755987703.759
2017-12-26,278573473665.536
2017-12-27,274522325686.838
2017-12-28,252666630245.445
2017-12-29,253178163423.298
2017-12-30,228445816988.881
2017-12-31,248925602660.692
2018-01-01,236440337971.831
2018-01-02,257079617264.841
2018-01-03,261505188675.85794
2018-01-04,268124738814.99704
2018-01-05,307774011688.3515
2018-01-06,307926110569.5282
2018-01-07,286074127681.1376
2018-01-08,266976271422.5615
2018-01-09,262044268423.30463
2018-01-10,260474112841.84482
2018-01-11,236008991341.7291
2018-01-12,247945818276.33105
2018-01-13,255265724750.92688
2018-01-14,243252295974.26068
2018-01-15,242193794408.73285
2018-01-16,197043955228.79236
2018-01-17,191882616843.4473
2018-01-18,194496634731.3023
2018-01-19,197698672432.58115
2018-01-20,222978421656.46298
2018-01-21,196828374433.09152
2018-01-22,184878210439.39847
2018-01-23,183260375707.76193
2018-01-24,189730563330.71286
2018-01-25,188880475665.0269
2018-01-26,185867144988.1318
2018-01-27,192805209257.31415
2018-01-28,196359635508.99493
2018-01-29,187828526722.43542
2018-01-30,186776632503.01822
2018-01-31,168188285150.7701
2018-02-01,170304196700.15707
2018-02-02,152744180864.1639
2018-02-03,148715185541.37634
2018-02-04,151507305722.97018
2018-02-05,140081544557.2351
2018-02-06,115444836533.44771
2018-02-07,129936854004.41661
2018-02-08,128271617562.32497
2018-02-09,138345016554.78464
2018-02-10,145812043727.55478
2018-02-11,144544944416.7482
2018-02-12,137716289625.30893
2018-02-13,150256428069.51227
2018-02-14,143645913955.80325
2018-02-15,159007423075.0244
2018-02-16,170569769073.98798
2018-02-17,171309236631.063
2018-02-18,185692327611.28845
2018-02-19,177561296505.31497
2018-02-20,187364222442.60483
2018-02-21,194121879194.2264
2018-02-22,168362084194.4766
2018-02-23,169362253983.19455
2018-02-24,173922837770.0662
2018-02-25,164497574061.05917
2018-02-26,163790896885.65796
2018-02-27,174886939893.19846
2018-02-28,180884108725.43018
2018-03-01,174778709347.89926
2018-03-02,183463718171.25656
2018-03-03,187514886761.3877
2018-03-04,191899353575.24014
2018-03-05,190747933122.93732
2018-03-06,194821583687.4345
2018-03-07,181342656441.09247
2018-03-08,169056252057.66943
2018-03-09,159289105130.23843
2018-03-10,156862284242.87494
2018-03-11,150359761907.83084
2018-03-12,160888688653.47745
2018-03-13,156177221215.63092
2018-03-14,155921695042.49033
2018-03-15,140553335048.27603
2018-03-16,141449655895.93512
2018-03-17,144184737078.2775
2018-03-18,136472702736.85979
2018-03-19,139102798580.5772
2018-03-20,146274523240.43362
2018-03-21,151135311240.4029
2018-03-22,151888445786.24927
2018-03-23,147943048662.1316
2018-03-24,149451318665.61404
2018-03-25,146022681302.7956
2018-03-26,143623891714.18073
2018-03-27,138684803358.9432
2018-03-28,132779843611.38556
2018-03-29,134386559681.90625
2018-03-30,120777974799.76303
2018-03-31,116900853303.24556
2018-04-01,118234055446.5432
2018-04-02,115896903503.05841
2018-04-03,120044225923.52736
2018-04-04,126568883854.60773
2018-04-05,116084750821.3726
2018-04-06,116269847527.26425
2018-04-07,112436767361.37248
2018-04-08,116789559212.79994
2018-04-09,118505840498.72884
2018-04-10,115017783885.65182
2018-04-11,115885988821.25359
2018-04-12,117533696704.9788
2018-04-13,133015394395.9933
2018-04-14,133189892501.28044
2018-04-15,134086501771.11679
2018-04-16,140220533919.44476
2018-04-17,136379313438.7644
2018-04-18,133722872890.26543
2018-04-19,137539507140.1945
2018-04-20,140616565985.04083
2018-04-21,144401932888.96182
2018-04-22,150858701627.6664
2018-04-23,149017082314.25253
2018-04-24,150943914745.9957
2018-04-25,165155791737.985
2018-04-26,150020058558.80304
2018-04-27,156779014055.27072
2018-04-28,152009053536.4553
2018-04-29,157282709009.46033
2018-04-30,158592809944.5081
2018-05-01,156443377473.375
2018-05-02,153504488648.5945
2018-05-03,155192629946.18726
2018-05-04,162498830620.22913
2018-05-05,163935762593.6642
2018-05-06,166195961946.18
2018-05-07,163109111220.656
2018-05-08,158435513589.56033
2018-05-09,155749835750.4752
2018-05-10,157460887034.23203
2018-05-11,152728483795.6562
2018-05-12,143131877388.73486
2018-05-13,144426929746.49615
2018-05-14,147906738510.20526
2018-05-15,148142733211.5191
2018-05-16,144348790079.53476
2018-05-17,142149224754.09787
2018-05-18,137271416445.43767
2018-05-19,139787112156.34103
2018-05-20,139424471286.71832
2018-05-21,143916527618.282
2018-05-22,142427831413.29367
2018-05-23,136550347058.65228
2018-05-24,128842835523.63457
2018-05-25,128977752305.11423
2018-05-26,127435061535.96555
2018-05-27,125008468874.28679
2018-05-28,124985768473.80345
2018-05-29,121322210033.3444
2018-05-30,127138205821.77669
2018-05-31,125953862789.73985
2018-06-01,127322669333.3591
2018-06-02,127797556817.80017
2018-06-03,129185013358.09856
2018-06-04,130436135448.66774
2018-06-05,127444424300.66489
2018-06-06,129259980382.17676
2018-06-07,129898428226.34839
2018-06-08,130052073722.89095
2018-06-09,129167113170.94856
2018-06-10,126683533782.87282
2018-06-11,115631864817.82808
2018-06-12,117568067796.62566
2018-06-13,112482862604.77522
2018-06-14,108260201574.01901
2018-06-15,113582443265.84215
2018-06-16,109527730085.0741
2018-06-17,110772203147.8282
2018-06-18,109759607021.02477
2018-06-19,114196505243.23883
2018-06-20,114742187734.30663
2018-06-21,114852494305.80463
2018-06-22,114463912846.04523
2018-06-23,104172397755.09848
2018-06-24,105568325740.5693
2018-06-25,105415073017.07509
2018-06-26,106832748619.81493
2018-06-27,103900589095.60583
2018-06-28,104717160923.03616
2018-06-29,100670773791.78275
2018-06-30,105857391286.9164
2018-07-01,109023438456.36497
2018-07-02,108116702994.83368
2018-07-03,112969688594.56374
2018-07-04,111301577387.40128
2018-07-05,112427869579.76012
2018-07-06,112011029362.86702
2018-07-07,113147533991.98392
2018-07-08,115842716194.10664
2018-07-09,114841688927.81284
2018-07-10,113955190214.94202
2018-07-11,108055463516.65717
2018-07-12,109263693476.82497
2018-07-13,106829387990.04874
2018-07-14,107145717585.4774
2018-07-15,107117271573.7231
2018-07-16,108903950780.21829
2018-07-17,115637208433.3911
2018-07-18,125285895738.59448
2018-07-19,125840376647.27176
2018-07-20,127709804699.66203
2018-07-21,125820597539.21863
2018-07-22,126644347498.85966
2018-07-23,126948286633.17482
2018-07-24,132270404905.45909
2018-07-25,144602365043.07205
2018-07-26,139850429188.6199
2018-07-27,136166569453.30632
2018-07-28,139897416706.44568
2018-07-29,140716208459.56802
2018-07-30,140827378169.39276
2018-07-31,140640772123.99832
2018-08-01,132963528816.20732
2018-08-02,130813483341.75774
2018-08-03,129596337579.7665
2018-08-04,127395242323.66476
2018-08-05,120489906899.28981
2018-08-06,120977961419.31384
2018-08-07,119089729729.2738
2018-08-08,115416628667.98373
2018-08-09,107652609456.40524
2018-08-10,112337822894.36668
2018-08-11,106079149843.79391
2018-08-12,106756980148.52301
2018-08-13,108716328040.72339
2018-08-14,108135868387.49329
2018-08-15,106911788926.75307
2018-08-16,107788817699.53123
2018-08-17,108578823549.00035
2018-08-18,113018605465.47177
2018-08-19,109889851531.17278
2018-08-20,111490970656.3322
2018-08-21,107511643840.85838
2018-08-22,111399689881.15749
2018-08-23,109149076720.34018
2018-08-24,112327439428.77159
2018-08-25,115177527171.81319
2018-08-26,116073397012.0424
2018-08-27,115406552890.99017
2018-08-28,118546009735.9248
2018-08-29,121992306938.18849
2018-08-30,121479639297.29665
2018-08-31,121103237785.70247
2018-09-01,121186316787.30235
2018-09-02,124380655386.09407
2018-09-03,125994361368.72597
2018-09-04,125200923805.39091
2018-09-05,126949626755.787
2018-09-06,116602093876.15263
2018-09-07,112034863191.16696
2018-09-08,110396118506.89438
2018-09-09,106668555553.51491
2018-09-10,108219061918.52274
2018-09-11,108846231385.41852
2018-09-12,108449181464.89592
2018-09-13,109298582014.21779
2018-09-14,112124461661.13242
2018-09-15,112334356298.05247
2018-09-16,112796085614.54744
2018-09-17,112373562206.64603
2018-09-18,107960190646.44861
2018-09-19,109629673484.58704
2018-09-20,110292032124.89343
2018-09-21,112172960507.04015
2018-09-22,116710823191.41154
2018-09-23,116607568773.97198
2018-09-24,116001860055.71248
2018-09-25,114024650850.04753
2018-09-26,111360852966.35107
2018-09-27,111760801180.65999
2018-09-28,115905890382.87775
2018-09-29,114768551691.0015
2018-09-30,114265552573.72394
2018-10-01,114617564007.79602
2018-10-02,114225251470.51224
2018-10-03,112814709079.4464
2018-10-04,112545036630.82414
2018-10-05,113846158429.54834
2018-10-06,114567814410.76247
2018-10-07,114021329402.35275
2018-10-08,113962679824.78195
2018-10-09,115167647222.33853
2018-10-10,114837789505.01476
2018-10-11,113987017102.36557
2018-10-12,108155761830.83029
2018-10-13,108845285496.56729
2018-10-14,109372673141.74013
2018-10-15,109624316973.41199
2018-10-16,115236573309.55287
2018-10-17,114960968517.5375
2018-10-18,114953321633.49261
2018-10-19,112970698851.37468
2018-10-20,112394945004.92676
2018-10-21,113214078424.96126
2018-10-22,113208108538.70485
2018-10-23,112905904007.05743
2018-10-24,112227883463.22098
2018-10-25,112363064964.16649
2018-10-26,112010056845.21841
2018-10-27,112200801079.02803
2018-10-28,111998326691.92026
2018-10-29,112422008134.01062
2018-10-30,109167179052.3813
2018-10-31,109890575608.10541
2018-11-01,110487418903.24472
2018-11-02,110896563654.92197
2018-11-03,111528929052.5205
2018-11-04,110888814023.684
2018-11-05,110241536216.1873
2018-11-06,111383003826.06792
2018-11-07,112347500910.42685
2018-11-08,113943582818.14384
2018-11-09,112723294658.02623
2018-11-10,111440702127.79549
2018-11-11,111308110603.00995
2018-11-12,111773252086.90735
2018-11-13,111385885801.71518
2018-11-14,111126759494.65367
2018-11-15,100585460320.22012
2018-11-16,98829079080.72421
2018-11-17,97344067023.98213
2018-11-18,97299989131.4034
2018-11-19,98118875508.37688
2018-11-20,85228342224.35999
2018-11-21,76601948314.49545
2018-11-22,80360705527.42929
2018-11-23,75518575145.29533
2018-11-24,76120308175.56718
2018-11-25,67756132282.086784
2018-11-26,70327984591.03267
2018-11-27,66796155268.6834
2018-11-28,66811830848.48212
2018-11-29,74381953561.03812
2018-11-30,74400715839.6163
2018-12-01,69715049461.01839
2018-12-02,73075855208.30002
2018-12-03,71784475615.70909
2018-12-04,67489136960.41757
2018-12-05,68592152288.353745
2018-12-06,65355774058.35723
2018-12-07,60357918912.004555
2018-12-08,59348913269.876625
2018-12-09,59526617773.597786
2018-12-10,61832986280.19322
2018-12-11,59805353928.82642
2018-12-12,58852767064.15517
2018-12-13,59878323499.6965
2018-12-14,57318285688.441795
2018-12-15,55998515509.38865
2018-12-16,56171263934.47407
2018-12-17,56050483689.82096
2018-12-18,61143447505.005135
2018-12-19,63720433230.19886
2018-12-20,64363548271.279076
2018-12-21,70578857837.00003
2018-12-22,67118181896.86795
2018-12-23,68846085704.00443
2018-12-24,68680118909.38707
2018-12-25,70266326465.44417
2018-12-26,65350104373.41374
2018-12-27,65972460015.27494
2018-12-28,62808667853.73499
2018-12-29,67263083067.33795
2018-12-30,66838758054.14169
2018-12-31,66494185030.58888
2019-01-01,64422635599.72896
2019-01-02,66188448932.14009
2019-01-03,67643304990.47443
2019-01-04,65922288582.921715
2019-01-05,66650769533.12984
2019-01-06,66070973627.255455
2019-01-07,70084169300.15211
2019-01-08,69602133073.71902
2019-01-09,69418693910.45465
2019-01-10,69609283899.19995
2019-01-11,63326376681.34885
2019-01-12,63121578243.94881
2019-01-13,62924488425.99548
2019-01-14,61050348901.5798
2019-01-15,63758350560.63251
2019-01-16,62348810149.49811
2019-01-17,62969304894.27945
2019-01-18,63320099663.395294
2019-01-19,62898826371.85565
2019-01-20,64269861567.8863
2019-01-21,61969431896.71978
2019-01-22,61784404483.04622
2019-01-23,62482350133.95662
2019-01-24,62216525710.040085
2019-01-25,62397665388.19675
2019-01-26,62386316357.47355
2019-01-27,62374968460.904976
2019-01-28,62192208387.693
2019-01-29,60087154448.40433
2019-01-30,59768195291.00078
2019-01-31,60555372963.791016
2019-02-01,60101226569.37371
2019-02-02,60678990333.1717
2019-02-03,61071179758.435844
2019-02-04,60524138032.473946
2019-02-05,60723961265.783615
2019-02-06,60825168548.915
2019-02-07,59682137962.35292
2019-02-08,59482397752.99235
2019-02-09,64226481382.1611
2019-02-10,64286029202.05369
2019-02-11,64439836442.25577
2019-02-12,63670312531.29947
2019-02-13,63712841387.27635
2019-02-14,63267872020.65663
2019-02-15,62991824523.89914
2019-02-16,63165603231.85129
2019-02-17,63547140519.07759
2019-02-18,64383522064.40136
2019-02-19,68147457622.522125
2019-02-20,68719418872.04398
2019-02-21,69790459105.50142
2019-02-22,69059468752.51183
2019-02-23,69748877117.19371
2019-02-24,72266544791.73584
2019-02-25,66108588220.39571
2019-02-26,67154603799.94677
2019-02-27,66890485485.37128
2019-02-28,67155912259.18905
2019-03-01,67016664287.2375
2019-03-02,67085713233.78275
2019-03-03,67101767698.901596
2019-03-04,66885712070.35212
2019-03-05,65238057881.55198
2019-03-06,67733767403.2078
2019-03-07,67888909504.19791
2019-03-08,68020879276.31612
2019-03-09,67914021946.078575
2019-03-10,69292799411.19722
2019-03-11,68962957216.01791
2019-03-12,67983966610.10971
2019-03-13,68203157396.32404
2019-03-14,67968370343.91208
2019-03-15,68177693410.06057
2019-03-16,69031558676.15643
2019-03-17,70497099778.1464
2019-03-18,70051219293.32379
2019-03-19,70152235369.2381
2019-03-20,70618508801.77231
2019-03-21,71208656536.95811
2019-03-22,70175421257.0859
2019-03-23,70227188528.50433
2019-03-24,70485598083.6817
2019-03-25,70330401859.60312
2019-03-26,69206266248.88437
2019-03-27,69368692535.334
2019-03-28,71134892682.49236
2019-03-29,70961529493.34933
2019-03-30,72303023146.20026
2019-03-31,72305792937.3489
2019-04-01,72310769858.13646
2019-04-02,73066822741.99345
2019-04-03,86200568432.5752
2019-04-04,87673795383.52638
2019-04-05,86482892583.41296
2019-04-06,88332459637.7143
2019-04-07,88955701285.46048
2019-04-08,91102196906.19292
2019-04-09,92817357385.16908
2019-04-10,91255525157.87743
2019-04-11,93646653914.38365
2019-04-12,89079171479.86378
2019-04-13,89668931907.92058
2019-04-14,89473995793.9539
2019-04-15,90952758268.0811
2019-04-16,89148028192.09521
2019-04-17,91835875597.91147
2019-04-18,92156851198.58777
2019-04-19,93215173176.98566
2019-04-20,93210585886.91354
2019-04-21,93900276128.91374
2019-04-22,93759009855.06888
2019-04-23,94990455842.8902
2019-04-24,98039931169.25388
2019-04-25,96218396013.24342
2019-04-26,91817406863.89627
2019-04-27,93049690718.15042
2019-04-28,93148101239.95938
2019-04-29,92775167509.00262
2019-04-30,91885324029.79892
2019-05-01,93534079555.95955
2019-05-02,94579889910.03488
2019-05-03,96389607751.50581
2019-05-04,101175865117.03497
2019-05-05,102653043813.21808
2019-05-06,101764683178.68076
2019-05-07,101101531131.03914
2019-05-08,103982497546.43155
2019-05-09,105271848239.8506
2019-05-10,109284325643.20634
2019-05-11,112684642518.92992
2019-05-12,129323693413.35974
2019-05-13,122826926577.3603
2019-05-14,138089773338.27194
2019-05-15,141341132028.998
2019-05-16,144615566025.01224
2019-05-17,139525363820.16046
2019-05-18,130123159718.19748
2019-05-19,129270047519.99455
2019-05-20,144597541605.24557
2019-05-21,141109768386.16797
2019-05-22,141016653223.21735
2019-05-23,135913068220.78972
2019-05-24,139495233992.3291
2019-05-25,141356836449.39377
2019-05-26,142301375408.95212
2019-05-27,152778982387.80127
2019-05-28,156351517828.83902
2019-05-29,154706420284.54605
2019-05-30,153190671229.78632
2019-05-31,147528939419.42154
2019-06-01,152037344606.20877
2019-06-02,151754429106.1446
2019-06-03,155008799790.32507
2019-06-04,145118113641.65356
2019-06-05,136045887609.96283
2019-06-06,138590833268.1022
2019-06-07,138816674700.54028
2019-06-08,142810130543.30536
2019-06-09,140990840427.82074
2019-06-10,136055336062.27316
2019-06-11,141925422733.43433
2019-06-12,140220553937.84616
2019-06-13,144409895371.7695
2019-06-14,145982200973.5864
2019-06-15,154448670610.87314
2019-06-16,156571955413.46933
2019-06-17,159990740760.34872
2019-06-18,165478791606.02725
2019-06-19,161689176435.31613
2019-06-20,164856060873.05832
2019-06-21,169961289184.54773
2019-06-22,179686819951.0701
2019-06-23,190271555704.10333
2019-06-24,193006026351.06372
2019-06-25,196224565118.84543
2019-06-26,209906767119.21564
2019-06-27,231104555834.96542
2019-06-28,198805331511.7231
2019-06-29,219700496726.02618
2019-06-30,213020899675.1298
2019-07-01,193705059813.9276
2019-07-02,189075622551.36316
2019-07-03,191741802293.97986
2019-07-04,213139916541.64767
2019-07-05,199869428146.8407
2019-07-06,195514947598.0145
2019-07-07,200989208002.57162
2019-07-08,203441013269.87305
2019-07-09,217909027168.13293
2019-07-10,223082925042.62775
2019-07-11,216918064309.90915
2019-07-12,202244103401.21423
2019-07-13,210058300503.64526
2019-07-14,202979011731.3034
2019-07-15,183265698057.30487
2019-07-16,195225460386.1362
2019-07-17,170100385848.08353
2019-07-18,172236725014.4112
2019-07-19,189588944050.24216
2019-07-20,187718958960.57816
2019-07-21,190839615019.19455
2019-07-22,189302289398.0001
2019-07-23,184582963699.30176
2019-07-24,177060329754.31393
2019-07-25,175298806837.89883
2019-07-26,176569486287.9306
2019-07-27,175634298896.93475
2019-07-28,168472890623.8368
2019-07-29,170325673262.38525
2019-07-30,169247002246.27844
2019-07-31,170790961770.58182
2019-08-01,179525433372.0441
2019-08-02,185025579624.96027
2019-08-03,187993708173.329
2019-08-04,192658484290.18
2019-08-05,195575205441.64883
2019-08-06,210831100251.74985
2019-08-07,204493918413.86813
2019-08-08,213446022648.57455
2019-08-09,214023992147.5213
2019-08-10,211775940827.03262
2019-08-11,202567916483.04468
2019-08-12,206323428608.19785
2019-08-13,203438784510.78018
2019-08-14,194716791550.1683
2019-08-15,178691691521.25024
2019-08-16,183808182261.62988
2019-08-17,184635409004.2465
2019-08-18,182893178091.06567
2019-08-19,184381498343.8289
2019-08-20,194884121164.64297
2019-08-21,192182485883.75177
2019-08-22,181094936743.7679
2019-08-23,181311699889.67206
2019-08-24,187878412535.86255
2019-08-25,181764456091.20227
2019-08-26,180491202154.3331
2019-08-27,184989701185.5528
2019-08-28,181891056658.03235
2019-08-29,174174790993.24042
2019-08-30,169825879929.63724
2019-08-31,171703455568.1713
2019-09-01,172069023390.1022
2019-09-02,174169160998.9338
2019-09-03,184367332385.84335
2019-09-04,190297653628.6036
2019-09-05,189378108188.9303
2019-09-06,189354988380.25543
2019-09-07,185513074361.89188
2019-09-08,187490153206.3296
2019-09-09,186487925900.29575
2019-09-10,185101736449.4789
2019-09-11,181228983504.8709
2019-09-12,182006412816.34204
2019-09-13,186490286819.08597
2019-09-14,185791118116.52597
2019-09-15,185709926005.05557
2019-09-16,184860740267.84445
2019-09-17,184216635305.296
2019-09-18,183148194810.27164
2019-09-19,182304851001.81525
2019-09-20,183793185092.94284
2019-09-21,182621118150.38165
2019-09-22,179541584400.57428
2019-09-23,180261864537.87436
2019-09-24,174073117682.94675
2019-09-25,158225996381.2368
2019-09-26,151968918856.4794
2019-09-27,145450672156.79562
2019-09-28,147034755881.78366
2019-09-29,147518938470.12482
2019-09-30,144886125387.55658
2019-10-01,148699326425.13895
2019-10-02,150346803070.61414
2019-10-03,150093691781.89334
2019-10-04,146959035399.77228
2019-10-05,146603545122.07248
2019-10-06,146326858013.4359
2019-10-07,141846566055.1005
2019-10-08,147113201630.43686
2019-10-09,147101302074.693
2019-10-10,154173400068.15204
2019-10-11,153974523119.16272
2019-10-12,148684409190.17136
2019-10-13,149460560799.4891
2019-10-14,149295847366.54712
2019-10-15,150188449071.35995
2019-10-16,147132917995.71127
2019-10-17,144153894666.31094
2019-10-18,145395122717.3465
2019-10-19,143241128773.44717
2019-10-20,143016860664.09183
2019-10-21,147845092519.85434
2019-10-22,147972317568.96027
2019-10-23,144778678025.77008
2019-10-24,134533554377.15782
2019-10-25,133881191476.35277
2019-10-26,155391555503.11636
2019-10-27,166118326255.2487
2019-10-28,171191596562.45987
2019-10-29,166074573773.0519
2019-10-30,169552821617.46747
2019-10-31,165289440818.62827
2019-11-01,165197797836.50772
2019-11-02,166428932044.73645
2019-11-03,167702162283.47888
2019-11-04,166118344447.8207
2019-11-05,169099256441.51648
2019-11-06,167676477990.56866
2019-11-07,168462131862.39618
2019-11-08,166326340114.0134
2019-11-09,158619022798.02048
2019-11-10,159050488591.96796
2019-11-11,162996713000.82236
2019-11-12,157759659438.00317
2019-11-13,158722325407.9381
2019-11-14,158380664653.97025
2019-11-15,156230551241.27246
2019-11-16,152925645908.6678
2019-11-17,153343011226.43033
2019-11-18,153491320212.84177
2019-11-19,148089631526.6356
2019-11-20,146797393103.30997
2019-11-21,146173851045.95633
2019-11-22,137741605692.4732
2019-11-23,131796120680.40385
2019-11-24,132153647357.58482
2019-11-25,126056411448.4486
2019-11-26,128442554040.63123
2019-11-27,129550686418.96344
2019-11-28,135280930611.90535
2019-11-29,134540136588.5858
2019-11-30,139585890644.02713
2019-12-01,136619988247.82372
2019-12-02,133806709251.17145
2019-12-03,132186853223.4845
2019-12-04,131920184619.24728
2019-12-05,130707605071.54597
2019-12-06,133644089121.62451
2019-12-07,135763797983.31136
2019-12-08,135655571430.9959
2019-12-09,135886870643.2531
2019-12-10,133091781420.79082
2019-12-11,130970047495.47795
2019-12-12,130242932604.26935
2019-12-13,130489545691.80917
2019-12-14,131188243085.0565
2019-12-15,128114177662.37697
2019-12-16,128886696696.6067
2019-12-17,124984942945.9272
2019-12-18,119931733577.11955
2019-12-19,131230049166.53404
2019-12-20,129498636860.963
2019-12-21,130122764301.36633
2019-12-22,129342305760.32504
2019-12-23,135086328271.26213
2019-12-24,132931613272.25092
2019-12-25,131358497318.59528
2019-12-26,130643567866.79239
2019-12-27,130768750218.36032
2019-12-28,131349923253.42535
2019-12-29,132567576727.86806
2019-12-30,133997529973.30914
2019-12-31,131377523457.07199
2020-01-01,130394101535.60994
2020-01-02,130422953817.668
2020-01-03,126280790200.20206
2020-01-04,132766262579.09486
2020-01-05,133474716218.18333
2020-01-06,133388991086.87987
2020-01-07,140557168287.4443
2020-01-08,147798610895.50055
2020-01-09,146089575425.2795
2020-01-10,141913856953.47913
2020-01-11,146879934259.3087
2020-01-12,145561586658.57422
2020-01-13,148204228775.38776
2020-01-14,147446058196.45944
2020-01-15,159481192213.82108
2020-01-16,159960761751.8495
2020-01-17,158412991117.64667
2020-01-18,161848747742.1508
2020-01-19,161823609428.34625
2020-01-20,157906057309.30655
2020-01-21,156848009983.54858
2020-01-22,158564958350.98007
2020-01-23,157502652064.02246
2020-01-24,152984928858.5764
2020-01-25,153294353936.51035
2020-01-26,151794495723.25214
2020-01-27,156302144661.30927
2020-01-28,161473602737.4275
2020-01-29,169518428144.8912
2020-01-30,168738228801.50467
2020-01-31,172993102966.37723
2020-02-01,169340144566.23718
2020-02-02,170361167834.16483
2020-02-03,169926610304.08496
2020-02-04,169406963182.6937
2020-02-05,167075369075.11478
2020-02-06,174596806174.2994
2020-02-07,177388314197.5645
2020-02-08,178414902529.15167
2020-02-09,180081607384.42255
2020-02-10,184792100015.16357
2020-02-11,180145850760.05313
2020-02-12,186262984851.99295
2020-02-13,188132988212.86746
2020-02-14,186190344916.03287
2020-02-15,187680301470.73926
2020-02-16,180265718400.57037
2020-02-17,181221481668.7407
2020-02-18,176547652266.39673
2020-02-19,184918071499.10074
2020-02-20,175312937106.92148
2020-02-21,174871048291.16623
2020-02-22,176701844101.55685
2020-02-23,176097270350.4831
2020-02-24,181368043820.09412
2020-02-25,175872097740.40662
2020-02-26,170478976467.6238
2020-02-27,160731785487.8149
2020-02-28,160149975301.41962
2020-02-29,159030381910.26715
2020-03-01,156047250857.11172
2020-03-02,155934421965.2728
2020-03-03,162521881368.8758
2020-03-04,159816567727.14258
2020-03-05,159869936941.09732
2020-03-06,165070261612.788
2020-03-07,166791067805.42844
2020-03-08,162543409238.00458
2020-03-09,147076617271.6885
2020-03-10,144664117909.4077
2020-03-11,144410718987.88852
2020-03-12,144948460093.29614
2020-03-13,93092131086.97026
2020-03-14,101262945297.35811
2020-03-15,95216478864.65564
2020-03-16,98632587514.00247
2020-03-17,91962797384.28253
2020-03-18,98079756006.79294
2020-03-19,98259998309.05324
2020-03-20,112778383593.49141
2020-03-21,113030383272.51407
2020-03-22,112349835902.32983
2020-03-23,107128564670.89128
2020-03-24,118046727572.5451
2020-03-25,123064256188.85924
2020-03-26,122445336599.19923
2020-03-27,123732739823.4625
2020-03-28,117019679177.81361
2020-03-29,114171796491.49913
2020-03-30,108551603303.50957
2020-03-31,117151628726.53436
2020-04-01,117750205634.39989
2020-04-02,120921617010.34784
2020-04-03,124719708453.63535
2020-04-04,123234164427.70816
2020-04-05,125564427826.17566
2020-04-06,124272363451.93964
2020-04-07,133484854333.44951
2020-04-08,131782164465.85344
2020-04-09,134518720640.0234
2020-04-10,133598651281.71776
2020-04-11,125740858699.27551
2020-04-12,125980543742.36499
2020-04-13,126655463658.31227
2020-04-14,125651103790.21225
2020-04-15,125713883015.64563
2020-04-16,121499498109.80829
2020-04-17,129402884477.95892
2020-04-18,128961704237.38853
2020-04-19,132775323305.43571
2020-04-20,130680700686.31035
2020-04-21,125724610427.89977
2020-04-22,125473149029.1152
2020-04-23,130398643209.39326
2020-04-24,135414822709.73111
2020-04-25,137493716065.4006
2020-04-26,138298135122.85803
2020-04-27,140977260141.33173
2020-04-28,142649802462.8293
2020-04-29,142370212777.1421
2020-04-30,160483573440.17792
2020-05-01,158042623264.3916
2020-05-02,161989355178.82224
2020-05-03,164603123455.99927
2020-05-04,163036842346.68604
2020-05-05,162341412439.88123
2020-05-06,165335617639.04947
2020-05-07,167950864937.1468
2020-05-08,182927847431.44946
2020-05-09,180421762956.3486
2020-05-10,175752574354.63544
2020-05-11,160814678353.7077
2020-05-12,158113540964.46692
2020-05-13,161474125336.405
2020-05-14,170593350055.82486
2020-05-15,179398095871.3398
2020-05-16,170983863891.47488
2020-05-17,172309401206.74423
2020-05-18,177224284369.1316
2020-05-19,178446153576.46417
2020-05-20,179127815802.66245
2020-05-21,175227227252.9058
2020-05-22,166569335290.8396
2020-05-23,168309812992.5134
2020-05-24,168614573110.75775
2020-05-25,161407638875.36517
2020-05-26,163333743988.58344
2020-05-27,162547226896.53772
2020-05-28,168615778509.82266
2020-05-29,175534414971.32306
2020-05-30,173355014878.4796
2020-05-31,177978616382.68933
2020-06-01,174105710752.04755
2020-06-02,186932702065.96875
2020-06-03,175463166971.51956
2020-06-04,177416480472.83005
2020-06-05,179830985954.85498
2020-06-06,177373937377.29663
2020-06-07,177901732349.93213
2020-06-08,179167717944.46164
2020-06-09,179810911053.20026
2020-06-10,179709840753.7975
2020-06-11,181705166673.57462
2020-06-12,171615707160.27472
2020-06-13,174266571295.67957
2020-06-14,174275005803.05463
2020-06-15,172116372679.33923
2020-06-16,173598215783.88248
2020-06-17,175075304218.30185
2020-06-18,174231189757.1904
2020-06-19,173034439845.62103
2020-06-20,171101646024.0128
2020-06-21,172323213442.3655
2020-06-22,171192409474.1401
2020-06-23,178128652479.62244
2020-06-24,177187041226.59833
2020-06-25,171028279701.5032
2020-06-26,170495281892.45944
2020-06-27,168807143703.19455
2020-06-28,166004979429.79742
2020-06-29,168334049772.4726
2020-06-30,169175896894.16483
2020-07-01,168558715595.07886
2020-07-02,170031996602.76715
2020-07-03,167604994105.34857
2020-07-04,167116284671.21997
2020-07-05,168258822207.29507
2020-07-06,167429736492.90482
2020-07-07,172136257752.3712
2020-07-08,170510411872.0138
2020-07-09,173809293389.63837
2020-07-10,170198606143.6283
2020-07-11,171104767641.88345
2020-07-12,170191069703.26535
2020-07-13,171364106456.32056
2020-07-14,170370727819.23874
2020-07-15,170451532161.73575
2020-07-16,169758848797.9732
2020-07-17,168496782960.8989
2020-07-18,168760444137.05035
2020-07-19,169031588403.36658
2020-07-20,169692625141.8043
2020-07-21,168936986921.46805
2020-07-22,173036757675.6725
2020-07-23,175370017196.6754
2020-07-24,176821599773.56787
2020-07-25,175865705417.72916
2020-07-26,178740874539.49573
2020-07-27,183064851468.00018
2020-07-28,202191797991.40768
2020-07-29,201144184191.06567
2020-07-30,204969785090.6761
2020-07-31,205200775318.21756
2020-08-01,208933774575.1489
2020-08-02,217741425308.62857
2020-08-03,204126077224.646
2020-08-04,207218525401.74573
2020-08-05,206583502227.55646
2020-08-06,216249264843.70206
2020-08-07,217128467890.10898
2020-08-08,213579066889.25037
2020-08-09,216526346494.08014
2020-08-10,215621627427.59085
2020-08-11,218920276229.41245
2020-08-12,210825577055.42203
2020-08-13,213770877597.90494
2020-08-14,217185020504.78033
2020-08-15,216916952670.3025
2020-08-16,219049736823.3334
2020-08-17,219750735622.69547
2020-08-18,226536103501.8635
2020-08-19,220980135332.21396
2020-08-20,216660276172.5052
2020-08-21,219044968220.88754
2020-08-22,212896669545.7498
2020-08-23,215641597239.98148
2020-08-24,215347356765.4613
2020-08-25,217410678530.35837
2020-08-26,209658632328.37
2020-08-27,211778947737.22385
2020-08-28,208747591910.15524
2020-08-29,212799723684.94672
2020-08-30,212114842611.5429
2020-08-31,216179629567.18042
2020-09-01,215921598551.33038
2020-09-02,221315690777.34525
2020-09-03,210746091569.71368
2020-09-04,188438095255.46017
2020-09-05,194040447575.93134
2020-09-06,188092098308.3525
2020-09-07,189621410257.03525
2020-09-08,191501904758.68698
2020-09-09,186825391248.7263
2020-09-10,188757938083.84296
2020-09-11,191180566587.0585
2020-09-12,192111562749.9339
2020-09-13,192997988416.4807
2020-09-14,190922719938.2308
2020-09-15,197010021430.2403
2020-09-16,199044338127.62628
2020-09-17,202524001250.4926
2020-09-18,202358479464.18542
2020-09-19,202091264904.96927
2020-09-20,204994315602.9869
2020-09-21,202032519471.26855
2020-09-22,193677795064.08533
2020-09-23,194731087415.28983
2020-09-24,189120580778.46335
2020-09-25,198514026300.17914
2020-09-26,197616950282.06653
2020-09-27,198687083452.04324
2020-09-28,199236216251.43555
2020-09-29,197720212770.89465
2020-09-30,200532996047.58585
2020-10-01,199310441688.83572
2020-10-02,196617081790.5188
2020-10-03,195660035179.73257
2020-10-04,195188285650.34625
2020-10-05,197494664453.7935
2020-10-06,199530129891.0881
2020-10-07,196314284797.01337
2020-10-08,197575523784.584
2020-10-09,201518932273.67853
2020-10-10,204809205392.17957
2020-10-11,209268690952.5854
2020-10-12,210799352797.1382
2020-10-13,213726225963.20517
2020-10-14,211576163357.66504
2020-10-15,211756280001.1405
2020-10-16,212878404236.874
2020-10-17,209993205751.02322
2020-10-18,210421523306.69058
2020-10-19,212752326976.49207
2020-10-20,217391050812.65872
2020-10-21,220404884318.97812
2020-10-22,236717318526.15692
2020-10-23,240257678153.83536
2020-10-24,239590543523.72256
2020-10-25,242785151288.07916
2020-10-26,241326618198.73062
2020-10-27,242141178089.60794
2020-10-28,253004886697.36078
2020-10-29,245661872194.44214
2020-10-30,249545455596.3296
2020-10-31,250845436637.92026
2020-11-01,255329261020.6163
2020-11-02,254260250527.50497
2020-11-03,251266177558.48047
2020-11-04,259277183164.55063
2020-11-05,261103557610.74826
2020-11-06,288118007577.42645
2020-11-07,288563189165.38806
2020-11-08,274687727889.983
2020-11-09,287116472704.3936
2020-11-10,284292217075.7686
2020-11-11,283242342238.5137
2020-11-12,291215273242.1888
2020-11-13,301529322417.4614
2020-11-14,302672502422.09
2020-11-15,298290647831.24426
2020-11-16,296277008765.18964
2020-11-17,309857769717.0289
2020-11-18,327448838765.29767
2020-11-19,330792375072.03064
2020-11-20,330526082018.5286
2020-11-21,345552251091.15924
2020-11-22,346623937352.1668
2020-11-23,342078349285.0962
2020-11-24,340635146714.39825
2020-11-25,354209935573.8031
2020-11-26,348158099247.1633
2020-11-27,317999016791.45123
2020-11-28,318057301370.37897
2020-11-29,328812520405.74207
2020-11-30,336495192223.0139
2020-12-01,363927715778.6875
2020-12-02,349587593227.14185
2020-12-03,356517705143.29443
2020-12-04,360661550057.2975
2020-12-05,347850442856.6359
2020-12-06,355244908734.6481
2020-12-07,358762118305.1145
2020-12-08,356587934226.10187
2020-12-09,340435142947.90857
2020-12-10,344693077429.9694
2020-12-11,339714540194.3479
2020-12-12,335310805699.2893
2020-12-13,349235537025.78625
2020-12-14,355642790361.31714
2020-12-15,357681110300.36426
2020-12-16,360542942204.959
2020-12-17,396179736655.63983
2020-12-18,423587689809.2768
2020-12-19,429459534590.4159
2020-12-20,443289431125.4617
2020-12-21,436893169132.7113
2020-12-22,424329939581.7774
2020-12-23,441752551013.19135
2020-12-24,433051601800.69293
2020-12-25,441614502954.16315
2020-12-26,458416319552.32434
2020-12-27,491978602969.93176
2020-12-28,493427450341.26013
2020-12-29,503712223153.6673
2020-12-30,509680257177.0481
2020-12-31,535967306917.84125
2021-01-01,539438036435.6701
2021-01-02,545593282215.2498
2021-01-03,597887713053.5825
2021-01-04,613616917625.6967
2021-01-05,585726270248.7891
2021-01-06,633651671519.3958
2021-01-07,682743683563.0741
2021-01-08,735339707368.3339
2021-01-09,758971014787.3597
2021-01-10,749347201462.6359
2021-01-11,714078952009.0243
2021-01-12,663380898829.0051
2021-01-13,629751630408.4126
2021-01-14,696668634091.3435
2021-01-15,729751433670.0881
2021-01-16,684304915288.2261
2021-01-17,674660879866.02
2021-01-18,672291934493.4396
2021-01-19,682647247200.097
2021-01-20,671734819189.1033
2021-01-21,662434464441.264
2021-01-22,575205510268.1292
2021-01-23,613271077002.4795
2021-01-24,596744391345.3533
2021-01-25,600595408892.1986
2021-01-26,602517850752.0305
2021-01-27,606573549809.8268
2021-01-28,566661443732.4073
2021-01-29,616625386428.2396
2021-01-30,635688668063.594
2021-01-31,636624676861.2642
2021-02-01,615013848827.3505
2021-02-02,621908231690.1377
2021-02-03,660664104637.4851
2021-02-04,695794870715.5251
2021-02-05,686453802173.3838
2021-02-06,706320162928.6615
2021-02-07,732453192636.7231
2021-02-08,723434796637.7434
2021-02-09,862413737410.9171
2021-02-10,867164581003.3563
2021-02-11,839561451461.0575
2021-02-12,890629045243.5952
2021-02-13,880620921496.0787
2021-02-14,874425017687.0778
2021-02-15,905515462576.995
2021-02-16,892345220938.2782
2021-02-17,917339726314.6964
2021-02-18,971516568847.578
2021-02-19,963911356673.4604
2021-02-20,1044189900351.5892
2021-02-21,1050555931433.1447
2021-02-22,1075380337357.9143
2021-02-23,1012091985973.4642
2021-02-24,904133801444.5278
2021-02-25,929081504353.552
2021-02-26,875883932252.4404
2021-02-27,869070614247.8623
2021-02-28,869649724200.5775
2021-03-01,838307614585.1935
2021-03-02,928146793676.4287
2021-03-03,905413239164.9064
2021-03-04,942969910364.1804
2021-03-05,908517236707.5374
2021-03-06,911379300053.3455
2021-03-07,916504852500.393
2021-03-08,955040794770.1399
2021-03-09,974195000547.444
2021-03-10,1018978819157.4177
2021-03-11,1044805904677.5541
2021-03-12,1077836070933.286
2021-03-13,1069776383193.8628
2021-03-14,1145191373521.5942
2021-03-15,1111684638819.0723
2021-03-16,1049197142851.5631
2021-03-17,1060221966894.7418
2021-03-18,1101028543248.462
2021-03-19,1081065767945.8683
2021-03-20,1086741150606.8165
2021-03-21,1090022321077.5006
2021-03-22,1074356788297.177
2021-03-23,1020641820438.662
2021-03-24,1017637245492.0177
2021-03-25,982797427007.2565
2021-03-26,959155260366.7408
2021-03-27,1027209990794.8939
2021-03-28,1042184275332.6417
2021-03-29,1039333584621.1438
2021-03-30,1075942162536.995
2021-03-31,1095293012032.8433
2021-04-01,1098127310946.8978
2021-04-02,1098583823874.2307
2021-04-03,1103133931136.5508
2021-04-04,1067101827372.9529
2021-04-05,1087344280109.6896
2021-04-06,1096202611389.9541
2021-04-07,1084341670320.8142
2021-04-08,1050759681844.6099
2021-04-09,1083362883828.1199
2021-04-10,1085794662404.731
2021-04-11,1116221525334.3267
2021-04-12,1120606689450.4702
2021-04-13,1118532902101.5269
2021-04-14,1187737045885.1743
2021-04-15,1173412921929.8884
2021-04-16,1179561609816.9358
2021-04-17,1149602869702.2644
2021-04-18,1125592412523.221
2021-04-19,1053618163309.5769
2021-04-20,1043148020633.034
2021-04-21,1055145534127.332
2021-04-22,1012699264345.6595
2021-04-23,971174701492.849
2021-04-24,956744203682.2198
2021-04-25,937014999515.3855
2021-04-26,915533819859.1393
2021-04-27,1008389773189.793
2021-04-28,1027617870421.6592
2021-04-29,1024625833392.2412
2021-04-30,1001973605935.3958
2021-05-01,1082721727348.0433
2021-05-02,1080897634123.2937
2021-05-03,1057850321948.5465
2021-05-04,1069571255195.5189
2021-05-05,999775008412.3738
2021-05-06,1070969079353.5304
2021-05-07,1056801053574.5111
2021-05-08,1072831991777.4056
2021-05-09,1099271802311.4957
2021-05-10,1088903483393.3053
2021-05-11,1045714370754.1615
2021-05-12,1064993057463.8884
2021-05-13,935512493150.826
2021-05-14,934964766185.9642
2021-05-15,935962705739.4398
2021-05-16,875321252276.1078
2021-05-17,871695620615.745
2021-05-18,819256623328.7307
2021-05-19,800545278567.6873
2021-05-20,697785056487.6051
2021-05-21,759679496751.2783
2021-05-22,698762712553.7339
2021-05-23,702143968883.5249
2021-05-24,654558962027.5841
2021-05-25,723143072419.7241
