Date,Search Volume
2014-11-01,2.04
2014-11-02,2.22
2014-11-03,2.43
2014-11-04,2.13
2014-11-05,2.28
2014-11-06,2.82
2014-11-07,2.13
2014-11-08,2.43
2014-11-09,2.28
2014-11-10,2.46
2014-11-11,2.61
2014-11-12,2.76
2014-11-13,3.0
2014-11-14,2.28
2014-11-15,2.58
2014-11-16,2.82
2014-11-17,2.07
2014-11-18,2.94
2014-11-19,2.49
2014-11-20,2.4
2014-11-21,2.43
2014-11-22,2.43
2014-11-23,2.04
2014-11-24,2.22
2014-11-25,2.31
2014-11-26,2.25
2014-11-27,2.13
2014-11-28,2.31
2014-11-29,1.74
2014-11-30,2.16
2014-12-01,1.23
2014-12-02,1.41
2014-12-03,1.44
2014-12-04,1.29
2014-12-05,1.23
2014-12-06,1.05
2014-12-07,1.41
2014-12-08,1.3199999999999998
2014-12-09,1.26
2014-12-10,1.23
2014-12-11,1.65
2014-12-12,1.59
2014-12-13,1.38
2014-12-14,1.23
2014-12-15,1.38
2014-12-16,1.62
2014-12-17,1.29
2014-12-18,1.38
2014-12-19,1.47
2014-12-20,1.2
2014-12-21,1.41
2014-12-22,1.23
2014-12-23,1.2
2014-12-24,1.17
2014-12-25,1.23
2014-12-26,1.59
2014-12-27,3.0
2014-12-28,1.08
2014-12-29,1.35
2014-12-30,1.41
2014-12-31,1.41
2015-01-01,1.56
2015-01-02,1.7999999999999998
2015-01-03,1.77
2015-01-04,2.16
2015-01-05,2.07
2015-01-06,2.61
2015-01-07,1.83
2015-01-08,1.86
2015-01-09,1.68
2015-01-10,2.01
2015-01-11,1.44
2015-01-12,1.7999999999999998
2015-01-13,2.1
2015-01-14,3.0
2015-01-15,2.7
2015-01-16,2.37
2015-01-17,2.01
2015-01-18,1.77
2015-01-19,1.44
2015-01-20,1.74
2015-01-21,2.01
2015-01-22,1.7999999999999998
2015-01-23,1.83
2015-01-24,1.92
2015-01-25,1.71
2015-01-26,2.52
2015-01-27,2.37
2015-01-28,2.01
2015-01-29,1.71
2015-01-30,2.07
2015-01-31,1.47
2015-02-01,1.74
2015-02-02,1.77
2015-02-03,1.56
2015-02-04,1.65
2015-02-05,2.1
2015-02-06,1.7999999999999998
2015-02-07,1.92
2015-02-08,2.19
2015-02-09,2.1
2015-02-10,2.19
2015-02-11,2.04
2015-02-12,1.71
2015-02-13,1.86
2015-02-14,1.68
2015-02-15,1.89
2015-02-16,1.7999999999999998
2015-02-17,1.95
2015-02-18,2.16
2015-02-19,2.1
2015-02-20,3.0
2015-02-21,2.1
2015-02-22,1.83
2015-02-23,1.59
2015-02-24,1.65
2015-02-25,1.62
2015-02-26,1.53
2015-02-27,1.41
2015-02-28,1.98
2015-03-01,1.89
2015-03-02,2.43
2015-03-03,2.28
2015-03-04,2.61
2015-03-05,2.52
2015-03-06,3.0
2015-03-07,2.61
2015-03-08,2.52
2015-03-09,2.4
2015-03-10,2.67
2015-03-11,2.52
2015-03-12,2.25
2015-03-13,2.07
2015-03-14,2.04
2015-03-15,2.28
2015-03-16,2.34
2015-03-17,1.92
2015-03-18,2.34
2015-03-19,2.22
2015-03-20,1.98
2015-03-21,2.01
2015-03-22,2.13
2015-03-23,2.25
2015-03-24,2.16
2015-03-25,2.1
2015-03-26,1.95
2015-03-27,2.04
2015-03-28,1.92
2015-03-29,2.01
2015-03-30,2.31
2015-03-31,2.13
2015-04-01,1.62
2015-04-02,1.64
2015-04-03,1.64
2015-04-04,1.68
2015-04-05,1.68
2015-04-06,1.74
2015-04-07,1.42
2015-04-08,1.94
2015-04-09,1.68
2015-04-10,1.78
2015-04-11,1.48
2015-04-12,1.5
2015-04-13,1.42
2015-04-14,2.0
2015-04-15,1.62
2015-04-16,1.56
2015-04-17,1.64
2015-04-18,1.6
2015-04-19,1.34
2015-04-20,1.42
2015-04-21,1.56
2015-04-22,1.5
2015-04-23,1.7
2015-04-24,1.52
2015-04-25,1.44
2015-04-26,1.68
2015-04-27,1.82
2015-04-28,1.5
2015-04-29,1.34
2015-04-30,1.86
2015-05-01,1.48
2015-05-02,1.5
2015-05-03,1.44
2015-05-04,1.54
2015-05-05,1.48
2015-05-06,1.56
2015-05-07,1.32
2015-05-08,1.48
2015-05-09,1.38
2015-05-10,1.4
2015-05-11,1.56
2015-05-12,1.52
2015-05-13,1.66
2015-05-14,2.0
2015-05-15,1.74
2015-05-16,1.54
2015-05-17,1.54
2015-05-18,1.8
2015-05-19,1.86
2015-05-20,1.72
2015-05-21,1.58
2015-05-22,1.5
2015-05-23,1.68
2015-05-24,1.52
2015-05-25,1.52
2015-05-26,1.34
2015-05-27,1.68
2015-05-28,1.62
2015-05-29,1.64
2015-05-30,1.98
2015-05-31,1.68
2015-06-01,0.92
2015-06-02,0.8200000000000001
2015-06-03,0.92
2015-06-04,0.98
2015-06-05,1.02
2015-06-06,0.96
2015-06-07,0.92
2015-06-08,0.84
2015-06-09,0.96
2015-06-10,1.0
2015-06-11,0.88
2015-06-12,0.92
2015-06-13,0.86
2015-06-14,0.78
2015-06-15,0.98
2015-06-16,0.94
2015-06-17,1.08
2015-06-18,2.0
2015-06-19,1.22
2015-06-20,1.18
2015-06-21,0.94
2015-06-22,1.12
2015-06-23,1.0
2015-06-24,0.92
2015-06-25,1.18
2015-06-26,0.96
2015-06-27,0.94
2015-06-28,0.96
2015-06-29,1.22
2015-06-30,1.8
2015-07-01,2.7
2015-07-02,2.19
2015-07-03,2.37
2015-07-04,2.25
2015-07-05,2.49
2015-07-06,2.49
2015-07-07,2.49
2015-07-08,2.43
2015-07-09,2.34
2015-07-10,2.94
2015-07-11,2.7
2015-07-12,3.0
2015-07-13,2.49
2015-07-14,2.28
2015-07-15,2.19
2015-07-16,2.31
2015-07-17,2.25
2015-07-18,2.04
2015-07-19,2.43
2015-07-20,2.1
2015-07-21,1.95
2015-07-22,2.04
2015-07-23,2.07
2015-07-24,1.95
2015-07-25,1.68
2015-07-26,2.1
2015-07-27,2.28
2015-07-28,2.25
2015-07-29,2.1
2015-07-30,2.01
2015-07-31,2.16
2015-08-01,3.0
2015-08-02,2.37
2015-08-03,2.04
2015-08-04,1.95
2015-08-05,2.19
2015-08-06,1.71
2015-08-07,1.65
2015-08-08,1.5
2015-08-09,1.89
2015-08-10,1.89
2015-08-11,1.92
2015-08-12,1.98
2015-08-13,1.65
2015-08-14,1.65
2015-08-15,1.62
2015-08-16,2.04
2015-08-17,1.98
2015-08-18,2.13
2015-08-19,2.4
2015-08-20,2.28
2015-08-21,2.28
2015-08-22,1.98
2015-08-23,1.98
2015-08-24,2.43
2015-08-25,2.46
2015-08-26,2.04
2015-08-27,1.86
2015-08-28,1.89
2015-08-29,1.89
2015-08-30,1.83
2015-08-31,1.7999999999999998
2015-09-01,2.0
2015-09-02,1.8
2015-09-03,1.9
2015-09-04,1.56
2015-09-05,1.58
2015-09-06,1.74
2015-09-07,1.5
2015-09-08,1.56
2015-09-09,1.84
2015-09-10,1.42
2015-09-11,1.46
2015-09-12,1.44
2015-09-13,1.58
2015-09-14,1.6
2015-09-15,1.7
2015-09-16,1.68
2015-09-17,1.72
2015-09-18,1.92
2015-09-19,1.6
2015-09-20,1.54
2015-09-21,1.76
2015-09-22,1.68
2015-09-23,1.72
2015-09-24,1.5
2015-09-25,1.86
2015-09-26,1.38
2015-09-27,1.58
2015-09-28,1.9
2015-09-29,1.58
2015-09-30,1.62
2015-10-01,1.18
2015-10-02,1.12
2015-10-03,1.1
2015-10-04,1.26
2015-10-05,1.24
2015-10-06,1.34
2015-10-07,1.3
2015-10-08,1.4
2015-10-09,1.24
2015-10-10,1.32
2015-10-11,1.34
2015-10-12,1.28
2015-10-13,1.26
2015-10-14,1.38
2015-10-15,1.2
2015-10-16,1.46
2015-10-17,1.28
2015-10-18,1.48
2015-10-19,1.34
2015-10-20,1.26
2015-10-21,1.32
2015-10-22,1.46
2015-10-23,1.44
2015-10-24,1.38
2015-10-25,1.56
2015-10-26,1.56
2015-10-27,1.52
2015-10-28,1.56
2015-10-29,1.86
2015-10-30,2.0
2015-10-31,1.64
2015-11-01,1.41
2015-11-02,1.56
2015-11-03,2.13
2015-11-04,3.0
2015-11-05,2.61
2015-11-06,1.83
2015-11-07,1.65
2015-11-08,1.53
2015-11-09,1.62
2015-11-10,1.62
2015-11-11,1.5
2015-11-12,1.47
2015-11-13,1.26
2015-11-14,0.99
2015-11-15,1.08
2015-11-16,1.29
2015-11-17,1.26
2015-11-18,1.41
2015-11-19,1.41
2015-11-20,1.47
2015-11-21,1.3199999999999998
2015-11-22,1.2
2015-11-23,1.35
2015-11-24,1.2
2015-11-25,1.23
2015-11-26,1.23
2015-11-27,1.2
2015-11-28,1.26
2015-11-29,1.11
2015-11-30,1.47
2015-12-01,1.17
2015-12-02,1.05
2015-12-03,1.14
2015-12-04,1.14
2015-12-05,0.96
2015-12-06,1.08
2015-12-07,1.08
2015-12-08,1.29
2015-12-09,3.0
2015-12-10,1.86
2015-12-11,1.53
2015-12-12,1.47
2015-12-13,1.3199999999999998
2015-12-14,1.35
2015-12-15,1.38
2015-12-16,1.35
2015-12-17,1.11
2015-12-18,1.26
2015-12-19,1.11
2015-12-20,1.08
2015-12-21,1.14
2015-12-22,1.11
2015-12-23,1.17
2015-12-24,1.11
2015-12-25,1.2
2015-12-26,1.08
2015-12-27,1.08
2015-12-28,1.14
2015-12-29,1.11
2015-12-30,1.11
2015-12-31,1.05
2016-01-01,1.59
2016-01-02,1.89
2016-01-03,1.77
2016-01-04,1.95
2016-01-05,1.89
2016-01-06,2.04
2016-01-07,2.43
2016-01-08,2.25
2016-01-09,2.01
2016-01-10,2.13
2016-01-11,2.01
2016-01-12,2.04
2016-01-13,2.46
2016-01-14,2.01
2016-01-15,2.88
2016-01-16,3.0
2016-01-17,2.28
2016-01-18,2.61
2016-01-19,2.37
2016-01-20,2.82
2016-01-21,2.25
2016-01-22,2.1
2016-01-23,2.1
2016-01-24,2.16
2016-01-25,1.95
2016-01-26,2.13
2016-01-27,2.19
2016-01-28,2.22
2016-01-29,2.07
2016-01-30,1.77
2016-01-31,1.98
2016-02-01,2.16
2016-02-02,2.31
2016-02-03,2.1
2016-02-04,2.25
2016-02-05,2.13
2016-02-06,2.19
2016-02-07,2.13
2016-02-08,2.19
2016-02-09,2.25
2016-02-10,2.4
2016-02-11,2.25
2016-02-12,2.55
2016-02-13,2.13
2016-02-14,2.43
2016-02-15,2.79
2016-02-16,2.28
2016-02-17,2.76
2016-02-18,3.0
2016-02-19,2.55
2016-02-20,2.31
2016-02-21,2.46
2016-02-22,2.61
2016-02-23,2.37
2016-02-24,2.31
2016-02-25,2.46
2016-02-26,2.04
2016-02-27,2.19
2016-02-28,2.13
2016-02-29,2.16
2016-03-01,2.94
2016-03-02,2.43
2016-03-03,3.0
2016-03-04,2.94
2016-03-05,2.61
2016-03-06,2.52
2016-03-07,2.67
2016-03-08,2.52
2016-03-09,2.55
2016-03-10,2.58
2016-03-11,2.43
2016-03-12,2.07
2016-03-13,2.4
2016-03-14,2.97
2016-03-15,2.37
2016-03-16,2.55
2016-03-17,2.52
2016-03-18,2.79
2016-03-19,2.4
2016-03-20,2.25
2016-03-21,2.76
2016-03-22,2.76
2016-03-23,2.58
2016-03-24,2.97
2016-03-25,2.07
2016-03-26,2.46
2016-03-27,1.95
2016-03-28,2.79
2016-03-29,2.49
2016-03-30,2.79
2016-03-31,2.58
2016-04-01,2.01
2016-04-02,1.95
2016-04-03,1.68
2016-04-04,1.77
2016-04-05,1.77
2016-04-06,2.22
2016-04-07,1.95
2016-04-08,1.98
2016-04-09,1.86
2016-04-10,1.7999999999999998
2016-04-11,2.25
2016-04-12,2.19
2016-04-13,1.83
2016-04-14,1.98
2016-04-15,2.01
2016-04-16,2.07
2016-04-17,1.68
2016-04-18,2.16
2016-04-19,2.16
2016-04-20,2.25
2016-04-21,2.37
2016-04-22,2.37
2016-04-23,2.1
2016-04-24,2.4
2016-04-25,2.64
2016-04-26,2.49
2016-04-27,2.43
2016-04-28,3.0
2016-04-29,2.22
2016-04-30,2.61
2016-05-01,0.75
2016-05-02,3.0
2016-05-03,1.86
2016-05-04,1.35
2016-05-05,1.3199999999999998
2016-05-06,1.3199999999999998
2016-05-07,1.05
2016-05-08,0.96
2016-05-09,1.08
2016-05-10,1.11
2016-05-11,0.96
2016-05-12,1.05
2016-05-13,1.02
2016-05-14,0.87
2016-05-15,0.8999999999999999
2016-05-16,1.08
2016-05-17,0.99
2016-05-18,0.96
2016-05-19,0.87
2016-05-20,0.99
2016-05-21,0.87
2016-05-22,0.84
2016-05-23,1.02
2016-05-24,0.96
2016-05-25,0.99
2016-05-26,0.93
2016-05-27,0.93
2016-05-28,1.23
2016-05-29,1.35
2016-05-30,1.3199999999999998
2016-05-31,1.35
2016-06-01,2.04
2016-06-02,1.84
2016-06-03,2.24
2016-06-04,2.12
2016-06-05,1.92
2016-06-06,1.96
2016-06-07,2.12
2016-06-08,1.88
2016-06-09,2.0
2016-06-10,1.76
2016-06-11,1.68
2016-06-12,2.8000000000000003
2016-06-13,2.96
2016-06-14,2.64
2016-06-15,2.48
2016-06-16,3.0
2016-06-17,2.92
2016-06-18,2.6
2016-06-19,2.2
2016-06-20,2.36
2016-06-21,2.6
2016-06-22,2.56
2016-06-23,2.68
2016-06-24,4.0
2016-06-25,2.8000000000000003
2016-06-26,2.16
2016-06-27,2.32
2016-06-28,2.0
2016-06-29,2.08
2016-06-30,2.24
2016-07-01,2.4
2016-07-02,2.28
2016-07-03,2.49
2016-07-04,2.46
2016-07-05,2.55
2016-07-06,2.34
2016-07-07,2.61
2016-07-08,2.46
2016-07-09,3.0
2016-07-10,2.34
2016-07-11,2.28
2016-07-12,2.28
2016-07-13,2.19
2016-07-14,1.89
2016-07-15,1.65
2016-07-16,2.16
2016-07-17,1.92
2016-07-18,1.98
2016-07-19,2.04
2016-07-20,1.86
2016-07-21,1.77
2016-07-22,1.47
2016-07-23,1.7999999999999998
2016-07-24,1.95
2016-07-25,1.86
2016-07-26,2.07
2016-07-27,2.01
2016-07-28,1.59
2016-07-29,1.92
2016-07-30,1.92
2016-07-31,1.71
2016-08-01,1.38
2016-08-02,1.86
2016-08-03,3.0
2016-08-04,1.95
2016-08-05,1.7999999999999998
2016-08-06,1.26
2016-08-07,1.38
2016-08-08,1.53
2016-08-09,1.35
2016-08-10,1.5
2016-08-11,1.44
2016-08-12,1.3199999999999998
2016-08-13,1.44
2016-08-14,1.23
2016-08-15,1.41
2016-08-16,1.35
2016-08-17,1.3199999999999998
2016-08-18,1.38
2016-08-19,1.2
2016-08-20,1.29
2016-08-21,1.11
2016-08-22,1.3199999999999998
2016-08-23,1.23
2016-08-24,1.26
2016-08-25,1.3199999999999998
2016-08-26,1.3199999999999998
2016-08-27,1.41
2016-08-28,1.3199999999999998
2016-08-29,1.2
2016-08-30,1.41
2016-08-31,1.38
2016-09-01,2.64
2016-09-02,2.37
2016-09-03,2.67
2016-09-04,2.55
2016-09-05,2.64
2016-09-06,2.4
2016-09-07,2.43
2016-09-08,2.97
2016-09-09,2.58
2016-09-10,3.0
2016-09-11,2.91
2016-09-12,2.49
2016-09-13,2.7
2016-09-14,2.28
2016-09-15,2.73
2016-09-16,2.49
2016-09-17,2.64
2016-09-18,2.61
2016-09-19,2.28
2016-09-20,2.37
2016-09-21,2.67
2016-09-22,2.61
2016-09-23,2.31
2016-09-24,2.4
2016-09-25,2.22
2016-09-26,2.73
2016-09-27,2.43
2016-09-28,2.55
2016-09-29,2.73
2016-09-30,2.46
2016-10-01,1.68
2016-10-02,1.89
2016-10-03,1.77
2016-10-04,1.86
2016-10-05,1.89
2016-10-06,1.89
2016-10-07,2.1
2016-10-08,2.25
2016-10-09,1.86
2016-10-10,2.1
2016-10-11,2.31
2016-10-12,2.52
2016-10-13,2.22
2016-10-14,1.7999999999999998
2016-10-15,2.04
2016-10-16,1.95
2016-10-17,2.01
2016-10-18,1.95
2016-10-19,2.07
2016-10-20,2.13
2016-10-21,1.83
2016-10-22,2.07
2016-10-23,2.13
2016-10-24,1.95
2016-10-25,2.13
2016-10-26,2.4
2016-10-27,2.37
2016-10-28,2.58
2016-10-29,3.0
2016-10-30,2.49
2016-10-31,2.49
2016-11-01,3.28
2016-11-02,3.2
2016-11-03,3.4
2016-11-04,3.28
2016-11-05,2.8000000000000003
2016-11-06,3.2
2016-11-07,2.96
2016-11-08,2.68
2016-11-09,4.0
2016-11-10,3.28
2016-11-11,3.28
2016-11-12,3.2
2016-11-13,2.96
2016-11-14,3.3200000000000003
2016-11-15,2.92
2016-11-16,3.68
2016-11-17,3.76
2016-11-18,3.08
2016-11-19,3.2
2016-11-20,3.04
2016-11-21,3.36
2016-11-22,3.36
2016-11-23,3.3200000000000003
2016-11-24,3.16
2016-11-25,3.3200000000000003
2016-11-26,3.0
2016-11-27,3.08
2016-11-28,3.28
2016-11-29,3.4
2016-11-30,3.2
2016-12-01,2.56
2016-12-02,2.92
2016-12-03,2.16
2016-12-04,2.4
2016-12-05,2.6
2016-12-06,2.48
2016-12-07,2.4
2016-12-08,2.36
2016-12-09,2.36
2016-12-10,2.16
2016-12-11,2.16
2016-12-12,2.4
2016-12-13,2.36
2016-12-14,2.16
2016-12-15,2.2
2016-12-16,2.4
2016-12-17,2.12
2016-12-18,2.24
2016-12-19,2.36
2016-12-20,2.6
2016-12-21,2.84
2016-12-22,3.44
2016-12-23,4.0
2016-12-24,3.52
2016-12-25,3.2
2016-12-26,3.04
2016-12-27,3.48
2016-12-28,4.0
2016-12-29,3.64
2016-12-30,3.36
2016-12-31,2.88
2017-01-01,2.76
2017-01-02,4.74
2017-01-03,4.62
2017-01-04,4.98
2017-01-05,6.0
2017-01-06,5.16
2017-01-07,4.02
2017-01-08,3.72
2017-01-09,3.9
2017-01-10,3.42
2017-01-11,4.02
2017-01-12,4.2
2017-01-13,3.18
2017-01-14,3.18
2017-01-15,2.76
2017-01-16,2.76
2017-01-17,3.24
2017-01-18,3.24
2017-01-19,2.88
2017-01-20,2.76
2017-01-21,2.46
2017-01-22,2.76
2017-01-23,2.76
2017-01-24,3.06
2017-01-25,2.64
2017-01-26,2.34
2017-01-27,2.46
2017-01-28,2.58
2017-01-29,2.4
2017-01-30,2.58
2017-01-31,3.0
2017-02-01,3.1
2017-02-02,3.45
2017-02-03,3.75
2017-02-04,3.3000000000000003
2017-02-05,3.45
2017-02-06,3.0500000000000003
2017-02-07,3.6
2017-02-08,3.5500000000000003
2017-02-09,4.0
2017-02-10,3.5
2017-02-11,3.3000000000000003
2017-02-12,3.0
2017-02-13,3.3000000000000003
2017-02-14,3.0500000000000003
2017-02-15,3.3000000000000003
2017-02-16,3.2
2017-02-17,3.4000000000000004
2017-02-18,3.45
2017-02-19,2.95
2017-02-20,3.1500000000000004
2017-02-21,3.8
2017-02-22,3.95
2017-02-23,4.2
2017-02-24,5.0
2017-02-25,4.0
2017-02-26,3.1500000000000004
2017-02-27,3.7
2017-02-28,4.25
2017-03-01,4.0600000000000005
2017-03-02,5.040000000000001
2017-03-03,6.790000000000001
2017-03-04,5.32
2017-03-05,4.69
2017-03-06,4.83
2017-03-07,4.62
2017-03-08,5.32
2017-03-09,5.3900000000000015
2017-03-10,7.000000000000001
2017-03-11,5.460000000000001
2017-03-12,4.2700000000000005
2017-03-13,4.62
2017-03-14,4.340000000000002
2017-03-15,4.2
2017-03-16,4.340000000000002
2017-03-17,4.41
2017-03-18,5.460000000000001
2017-03-19,4.83
2017-03-20,4.41
2017-03-21,4.550000000000002
2017-03-22,4.760000000000002
2017-03-23,4.2700000000000005
2017-03-24,4.550000000000002
2017-03-25,4.83
2017-03-26,4.0600000000000005
2017-03-27,4.0600000000000005
2017-03-28,3.92
2017-03-29,3.92
2017-03-30,3.5000000000000004
2017-03-31,3.640000000000001
2017-04-01,4.74
2017-04-02,4.44
2017-04-03,5.34
2017-04-04,5.34
2017-04-05,5.22
2017-04-06,5.16
2017-04-07,4.98
2017-04-08,4.8
2017-04-09,5.22
2017-04-10,5.4
2017-04-11,5.22
2017-04-12,5.46
2017-04-13,5.04
2017-04-14,4.8
2017-04-15,4.56
2017-04-16,4.98
2017-04-17,5.04
2017-04-18,5.58
2017-04-19,4.8599999999999985
2017-04-20,4.8
2017-04-21,4.68
2017-04-22,4.98
2017-04-23,4.8
2017-04-24,4.8599999999999985
2017-04-25,5.2799999999999985
2017-04-26,5.8199999999999985
2017-04-27,6.0
2017-04-28,5.7
2017-04-29,5.46
2017-04-30,5.16
2017-05-01,3.22
2017-05-02,3.5000000000000004
2017-05-03,3.5000000000000004
2017-05-04,4.62
2017-05-05,4.48
2017-05-06,3.3600000000000003
2017-05-07,3.5000000000000004
2017-05-08,3.78
2017-05-09,5.040000000000001
2017-05-10,4.760000000000002
2017-05-11,4.9
2017-05-12,6.300000000000002
2017-05-13,6.44
2017-05-14,5.1800000000000015
2017-05-15,7.280000000000001
2017-05-16,6.580000000000001
2017-05-17,5.6000000000000005
2017-05-18,4.9
2017-05-19,5.74
2017-05-20,5.6000000000000005
2017-05-21,5.32
2017-05-22,8.680000000000001
2017-05-23,9.52
2017-05-24,10.920000000000002
2017-05-25,14.000000000000002
2017-05-26,10.78
2017-05-27,9.38
2017-05-28,7.1400000000000015
2017-05-29,6.86
2017-05-30,6.86
2017-05-31,6.580000000000001
2017-06-01,10.64
2017-06-02,9.8
2017-06-03,8.96
2017-06-04,8.680000000000001
2017-06-05,10.080000000000002
2017-06-06,13.44
2017-06-07,12.6
2017-06-08,10.22
2017-06-09,10.500000000000002
2017-06-10,9.24
2017-06-11,10.080000000000002
2017-06-12,13.3
2017-06-13,11.340000000000002
2017-06-14,11.62
2017-06-15,14.000000000000002
2017-06-16,10.64
2017-06-17,9.1
2017-06-18,8.680000000000001
2017-06-19,9.52
2017-06-20,9.8
2017-06-21,10.78
2017-06-22,9.8
2017-06-23,9.66
2017-06-24,8.96
2017-06-25,9.38
2017-06-26,10.64
2017-06-27,12.18
2017-06-28,11.62
2017-06-29,9.38
2017-06-30,7.840000000000002
2017-07-01,8.4
2017-07-02,8.64
2017-07-03,8.52
2017-07-04,8.879999999999997
2017-07-05,8.76
2017-07-06,9.12
2017-07-07,8.64
2017-07-08,7.8
2017-07-09,8.16
2017-07-10,9.48
2017-07-11,11.16
2017-07-12,9.84
2017-07-13,9.48
2017-07-14,9.12
2017-07-15,10.32
2017-07-16,12.0
2017-07-17,11.28
2017-07-18,10.68
2017-07-19,10.08
2017-07-20,11.64
2017-07-21,11.52
2017-07-22,9.72
2017-07-23,10.44
2017-07-24,10.32
2017-07-25,10.68
2017-07-26,10.2
2017-07-27,9.48
2017-07-28,10.92
2017-07-29,9.36
2017-07-30,9.24
2017-07-31,11.04
2017-08-01,17.67
2017-08-02,16.15
2017-08-03,11.21
2017-08-04,9.69
2017-08-05,12.54
2017-08-06,11.02
2017-08-07,12.92
2017-08-08,12.54
2017-08-09,11.59
2017-08-10,11.21
2017-08-11,11.97
2017-08-12,14.25
2017-08-13,17.1
2017-08-14,19.0
2017-08-15,19.0
2017-08-16,16.53
2017-08-17,16.15
2017-08-18,16.15
2017-08-19,15.01
2017-08-20,13.68
2017-08-21,13.3
2017-08-22,14.82
2017-08-23,13.49
2017-08-24,13.11
2017-08-25,13.49
2017-08-26,11.78
2017-08-27,11.4
2017-08-28,12.35
2017-08-29,13.87
2017-08-30,14.44
2017-08-31,15.2
2017-09-01,13.0
2017-09-02,13.0
2017-09-03,11.6
2017-09-04,13.8
2017-09-05,13.8
2017-09-06,11.8
2017-09-07,11.8
2017-09-08,11.8
2017-09-09,9.6
2017-09-10,10.4
2017-09-11,10.8
2017-09-12,10.4
2017-09-13,14.6
2017-09-14,18.2
2017-09-15,20.0
2017-09-16,13.4
2017-09-17,11.2
2017-09-18,12.8
2017-09-19,11.8
2017-09-20,9.8
2017-09-21,10.6
2017-09-22,9.4
2017-09-23,7.800000000000002
2017-09-24,7.2
2017-09-25,8.8
2017-09-26,8.6
2017-09-27,9.4
2017-09-28,8.6
2017-09-29,8.4
2017-09-30,7.800000000000002
2017-10-01,8.19
2017-10-02,9.45
2017-10-03,9.24
2017-10-04,8.61
2017-10-05,9.03
2017-10-06,8.61
2017-10-07,7.35
2017-10-08,9.03
2017-10-09,10.71
2017-10-10,10.92
2017-10-11,10.71
2017-10-12,17.849999999999994
2017-10-13,21.0
2017-10-14,14.07
2017-10-15,13.86
2017-10-16,13.86
2017-10-17,12.81
2017-10-18,13.23
2017-10-19,13.44
2017-10-20,14.7
2017-10-21,17.22
2017-10-22,14.28
2017-10-23,16.38
2017-10-24,17.22
2017-10-25,15.75
2017-10-26,15.12
2017-10-27,13.23
2017-10-28,11.97
2017-10-29,12.18
2017-10-30,14.7
2017-10-31,16.8
2017-11-01,12.47
2017-11-02,16.34
2017-11-03,14.62
2017-11-04,11.61
2017-11-05,11.61
2017-11-06,12.04
2017-11-07,11.18
2017-11-08,12.47
2017-11-09,11.18
2017-11-10,13.33
2017-11-11,13.76
2017-11-12,17.2
2017-11-13,15.48
2017-11-14,12.04
2017-11-15,11.18
2017-11-16,12.47
2017-11-17,13.76
2017-11-18,10.75
2017-11-19,10.32
2017-11-20,13.33
2017-11-21,14.19
2017-11-22,12.04
2017-11-23,10.75
2017-11-24,10.75
2017-11-25,11.18
2017-11-26,16.77
2017-11-27,23.22
2017-11-28,25.8
2017-11-29,43.0
2017-11-30,34.83
2017-12-01,37.0
2017-12-02,30.0
2017-12-03,29.0
2017-12-04,34.0
2017-12-05,35.0
2017-12-06,48.0
2017-12-07,95.0
2017-12-08,85.0
2017-12-09,56.0
2017-12-10,53.0
2017-12-11,63.0
2017-12-12,60.0
2017-12-13,51.0
2017-12-14,46.0
2017-12-15,43.0
2017-12-16,40.0
2017-12-17,46.0
2017-12-18,47.0
2017-12-19,49.0
2017-12-20,67.0
2017-12-21,52.0
2017-12-22,100.0
2017-12-23,60.0
2017-12-24,46.0
2017-12-25,40.0
2017-12-26,39.0
2017-12-27,37.0
2017-12-28,39.0
2017-12-29,33.0
2017-12-30,32.0
2017-12-31,28.0
2018-01-01,24.44
2018-01-02,28.6
2018-01-03,28.08
2018-01-04,28.6
2018-01-05,26.52
2018-01-06,23.4
2018-01-07,23.92
2018-01-08,26.0
2018-01-09,25.48
2018-01-10,26.0
2018-01-11,29.64
2018-01-12,24.44
2018-01-13,21.84
2018-01-14,19.76
2018-01-15,19.76
2018-01-16,40.56
2018-01-17,52.0
2018-01-18,36.92
2018-01-19,27.04
2018-01-20,21.84
2018-01-21,20.8
2018-01-22,24.44
2018-01-23,22.880000000000006
2018-01-24,21.32
2018-01-25,19.76
2018-01-26,20.8
2018-01-27,17.16
2018-01-28,16.12
2018-01-29,17.16
2018-01-30,18.72
2018-01-31,20.28
2018-02-01,23.94
2018-02-02,31.92
2018-02-03,19.76
2018-02-04,17.1
2018-02-05,31.16
2018-02-06,38.0
2018-02-07,23.94
2018-02-08,20.52
2018-02-09,17.48
2018-02-10,14.82
2018-02-11,13.3
2018-02-12,15.2
2018-02-13,13.68
2018-02-14,13.68
2018-02-15,14.06
2018-02-16,13.3
2018-02-17,12.16
2018-02-18,13.3
2018-02-19,11.78
2018-02-20,13.3
2018-02-21,13.3
2018-02-22,12.54
2018-02-23,11.02
2018-02-24,9.5
2018-02-25,8.74
2018-02-26,10.64
2018-02-27,10.64
2018-02-28,9.88
2018-03-01,16.72
2018-03-02,17.6
2018-03-03,16.28
2018-03-04,14.96
2018-03-05,17.16
2018-03-06,17.16
2018-03-07,19.8
2018-03-08,19.36
2018-03-09,20.46
2018-03-10,15.62
2018-03-11,15.84
2018-03-12,18.04
2018-03-13,16.5
2018-03-14,19.58
2018-03-15,22.0
2018-03-16,17.82
2018-03-17,15.84
2018-03-18,19.8
2018-03-19,18.26
2018-03-20,16.5
2018-03-21,16.28
2018-03-22,17.16
2018-03-23,14.74
2018-03-24,13.64
2018-03-25,13.64
2018-03-26,17.6
2018-03-27,16.5
2018-03-28,15.62
2018-03-29,18.26
2018-03-30,20.68
2018-03-31,14.52
2018-04-01,15.84
2018-04-02,18.0
2018-04-03,16.38
2018-04-04,16.2
2018-04-05,16.2
2018-04-06,16.919999999999998
2018-04-07,13.5
2018-04-08,12.6
2018-04-09,14.94
2018-04-10,14.58
2018-04-11,13.68
2018-04-12,17.099999999999998
2018-04-13,16.74
2018-04-14,13.68
2018-04-15,12.6
2018-04-16,13.86
2018-04-17,13.68
2018-04-18,13.14
2018-04-19,13.68
2018-04-20,14.58
2018-04-21,11.52
2018-04-22,12.24
2018-04-23,13.32
2018-04-24,16.38
2018-04-25,15.12
2018-04-26,12.78
2018-04-27,12.96
2018-04-28,11.34
2018-04-29,10.44
2018-04-30,12.24
2018-05-01,11.9
2018-05-02,11.9
2018-05-03,11.9
2018-05-04,12.04
2018-05-05,11.760000000000002
2018-05-06,11.62
2018-05-07,11.9
2018-05-08,12.46
2018-05-09,11.340000000000002
2018-05-10,11.48
2018-05-11,14.000000000000002
2018-05-12,11.62
2018-05-13,9.8
2018-05-14,12.18
2018-05-15,10.920000000000002
2018-05-16,10.500000000000002
2018-05-17,10.64
2018-05-18,10.500000000000002
2018-05-19,8.96
2018-05-20,8.680000000000001
2018-05-21,10.22
2018-05-22,10.64
2018-05-23,13.160000000000002
2018-05-24,11.760000000000002
2018-05-25,10.920000000000002
2018-05-26,8.96
2018-05-27,9.94
2018-05-28,11.2
2018-05-29,10.78
2018-05-30,9.94
2018-05-31,10.080000000000002
2018-06-01,7.9300000000000015
2018-06-02,7.800000000000002
2018-06-03,7.9300000000000015
2018-06-04,8.71
2018-06-05,8.19
2018-06-06,8.32
2018-06-07,8.06
2018-06-08,8.19
2018-06-09,7.15
2018-06-10,9.88
2018-06-11,13.0
2018-06-12,10.53
2018-06-13,11.44
2018-06-14,10.53
2018-06-15,8.84
2018-06-16,7.54
2018-06-17,7.41
2018-06-18,8.71
2018-06-19,8.19
2018-06-20,8.71
2018-06-21,7.54
2018-06-22,10.01
2018-06-23,8.71
2018-06-24,10.14
2018-06-25,8.97
2018-06-26,8.97
2018-06-27,8.06
2018-06-28,8.32
2018-06-29,10.79
2018-06-30,9.23
2018-07-01,7.3199999999999985
2018-07-02,8.879999999999997
2018-07-03,8.28
2018-07-04,8.04
2018-07-05,8.28
2018-07-06,7.68
2018-07-07,6.24
2018-07-08,7.3199999999999985
2018-07-09,7.68
2018-07-10,8.52
2018-07-11,7.56
2018-07-12,8.4
2018-07-13,7.68
2018-07-14,6.48
2018-07-15,6.96
2018-07-16,7.92
2018-07-17,10.2
2018-07-18,11.88
2018-07-19,9.6
2018-07-20,9.0
2018-07-21,7.68
2018-07-22,7.3199999999999985
2018-07-23,9.6
2018-07-24,12.0
2018-07-25,11.4
2018-07-26,9.6
2018-07-27,9.6
2018-07-28,8.04
2018-07-29,7.68
2018-07-30,8.64
2018-07-31,9.24
2018-08-01,10.08
2018-08-02,9.0
2018-08-03,10.2
2018-08-04,8.76
2018-08-05,8.64
2018-08-06,9.12
2018-08-07,10.32
2018-08-08,12.0
2018-08-09,10.56
2018-08-10,10.2
2018-08-11,10.08
2018-08-12,8.64
2018-08-13,10.08
2018-08-14,11.64
2018-08-15,10.68
2018-08-16,8.76
2018-08-17,8.52
2018-08-18,7.8
2018-08-19,8.04
2018-08-20,8.879999999999997
2018-08-21,9.72
2018-08-22,10.56
2018-08-23,9.36
2018-08-24,8.64
2018-08-25,7.92
2018-08-26,7.3199999999999985
2018-08-27,8.28
2018-08-28,9.72
2018-08-29,9.36
2018-08-30,9.6
2018-08-31,8.76
2018-09-01,6.93
2018-09-02,7.04
2018-09-03,7.15
2018-09-04,8.36
2018-09-05,9.9
2018-09-06,11.0
2018-09-07,8.58
2018-09-08,7.37
2018-09-09,7.04
2018-09-10,8.03
2018-09-11,8.14
2018-09-12,8.8
2018-09-13,8.69
2018-09-14,7.59
2018-09-15,6.6
2018-09-16,6.2700000000000005
2018-09-17,7.15
2018-09-18,7.15
2018-09-19,7.15
2018-09-20,6.93
2018-09-21,7.92
2018-09-22,6.93
2018-09-23,6.16
2018-09-24,7.04
2018-09-25,7.15
2018-09-26,7.37
2018-09-27,6.71
2018-09-28,6.71
2018-09-29,5.83
2018-09-30,5.61
2018-10-01,6.21
2018-10-02,6.5699999999999985
2018-10-03,5.85
2018-10-04,6.39
2018-10-05,6.39
2018-10-06,5.4
2018-10-07,5.67
2018-10-08,5.85
2018-10-09,6.48
2018-10-10,6.93
2018-10-11,9.0
2018-10-12,7.38
2018-10-13,6.12
2018-10-14,5.85
2018-10-15,8.01
2018-10-16,6.93
2018-10-17,6.3
2018-10-18,6.66
2018-10-19,6.21
2018-10-20,5.04
2018-10-21,5.4
2018-10-22,6.5699999999999985
2018-10-23,6.5699999999999985
2018-10-24,6.3
2018-10-25,5.85
2018-10-26,6.39
2018-10-27,5.49
2018-10-28,5.13
2018-10-29,6.84
2018-10-30,6.66
2018-10-31,6.48
2018-11-01,5.07
2018-11-02,5.07
2018-11-03,4.29
2018-11-04,5.2
2018-11-05,5.59
2018-11-06,5.59
2018-11-07,5.46
2018-11-08,5.07
2018-11-09,5.2
2018-11-10,4.29
2018-11-11,4.42
2018-11-12,5.07
2018-11-13,5.2
2018-11-14,8.84
2018-11-15,9.88
2018-11-16,7.67
2018-11-17,5.7200000000000015
2018-11-18,5.59
2018-11-19,9.36
2018-11-20,13.0
2018-11-21,10.79
2018-11-22,7.9300000000000015
2018-11-23,8.32
2018-11-24,7.54
2018-11-25,11.44
2018-11-26,11.18
2018-11-27,10.01
2018-11-28,9.23
2018-11-29,8.32
2018-11-30,7.800000000000002
2018-12-01,8.19
2018-12-02,7.0200000000000005
2018-12-03,9.62
2018-12-04,9.49
2018-12-05,8.97
2018-12-06,10.4
2018-12-07,13.0
2018-12-08,9.75
2018-12-09,8.450000000000001
2018-12-10,10.14
2018-12-11,9.36
2018-12-12,9.23
2018-12-13,9.1
2018-12-14,10.01
2018-12-15,8.71
2018-12-16,8.06
2018-12-17,9.88
2018-12-18,9.62
2018-12-19,10.92
2018-12-20,10.79
2018-12-21,10.01
2018-12-22,8.19
2018-12-23,7.9300000000000015
2018-12-24,9.1
2018-12-25,8.97
2018-12-26,7.9300000000000015
2018-12-27,8.97
2018-12-28,8.84
2018-12-29,7.800000000000002
2018-12-30,6.76
2018-12-31,7.0200000000000005
2019-01-01,6.84
2019-01-02,8.1
2019-01-03,8.64
2019-01-04,8.28
2019-01-05,6.66
2019-01-06,6.75
2019-01-07,8.19
2019-01-08,7.83
2019-01-09,7.92
2019-01-10,9.0
2019-01-11,8.37
2019-01-12,7.199999999999998
2019-01-13,7.1099999999999985
2019-01-14,7.649999999999999
2019-01-15,7.56
2019-01-16,7.29
2019-01-17,7.38
2019-01-18,6.5699999999999985
2019-01-19,6.12
2019-01-20,5.94
2019-01-21,6.66
2019-01-22,6.39
2019-01-23,6.66
2019-01-24,6.93
2019-01-25,6.3
2019-01-26,6.3
2019-01-27,5.58
2019-01-28,6.93
2019-01-29,6.84
2019-01-30,6.5699999999999985
2019-01-31,6.66
2019-02-01,6.75
2019-02-02,6.21
2019-02-03,6.12
2019-02-04,7.02
2019-02-05,8.28
2019-02-06,7.92
2019-02-07,7.38
2019-02-08,8.28
2019-02-09,7.1099999999999985
2019-02-10,6.39
2019-02-11,6.84
2019-02-12,6.93
2019-02-13,6.66
2019-02-14,6.48
2019-02-15,6.5699999999999985
2019-02-16,6.3
2019-02-17,5.85
2019-02-18,7.83
2019-02-19,9.0
2019-02-20,8.1
2019-02-21,8.01
2019-02-22,7.29
2019-02-23,7.739999999999998
2019-02-24,8.82
2019-02-25,8.01
2019-02-26,7.83
2019-02-27,7.1099999999999985
2019-02-28,6.66
2019-03-01,7.2
2019-03-02,6.4
2019-03-03,6.6400000000000015
2019-03-04,7.44
2019-03-05,7.68
2019-03-06,8.0
2019-03-07,7.2
2019-03-08,6.72
2019-03-09,7.44
2019-03-10,6.5600000000000005
2019-03-11,7.28
2019-03-12,7.2
2019-03-13,6.5600000000000005
2019-03-14,6.4
2019-03-15,6.72
2019-03-16,6.6400000000000015
2019-03-17,6.72
2019-03-18,7.36
2019-03-19,7.6
2019-03-20,7.52
2019-03-21,7.68
2019-03-22,7.2
2019-03-23,6.24
2019-03-24,6.24
2019-03-25,6.8
2019-03-26,6.96
2019-03-27,7.76
2019-03-28,6.5600000000000005
2019-03-29,6.5600000000000005
2019-03-30,6.5600000000000005
2019-03-31,6.16
2019-04-01,4.8
2019-04-02,11.52
2019-04-03,12.0
2019-04-04,8.879999999999997
2019-04-05,7.439999999999999
2019-04-06,6.3599999999999985
2019-04-07,6.48
2019-04-08,7.199999999999998
2019-04-09,6.96
2019-04-10,6.84
2019-04-11,6.96
2019-04-12,6.24
2019-04-13,5.16
2019-04-14,4.68
2019-04-15,6.12
2019-04-16,6.24
2019-04-17,6.3599999999999985
2019-04-18,5.76
2019-04-19,5.52
2019-04-20,5.76
2019-04-21,5.16
2019-04-22,5.88
2019-04-23,7.68
2019-04-24,6.84
2019-04-25,6.48
2019-04-26,6.96
2019-04-27,4.92
2019-04-28,5.04
2019-04-29,5.2799999999999985
2019-04-30,5.88
2019-05-01,5.78
2019-05-02,6.12
2019-05-03,8.33
2019-05-04,6.460000000000001
2019-05-05,6.630000000000001
2019-05-06,6.9700000000000015
2019-05-07,7.48
2019-05-08,8.33
2019-05-09,8.5
2019-05-10,9.35
2019-05-11,12.07
2019-05-12,13.260000000000002
2019-05-13,15.13
2019-05-14,17.0
2019-05-15,13.6
2019-05-16,13.260000000000002
2019-05-17,13.260000000000002
2019-05-18,9.52
2019-05-19,10.71
2019-05-20,11.05
2019-05-21,10.54
2019-05-22,9.86
2019-05-23,9.01
2019-05-24,9.01
2019-05-25,8.67
2019-05-26,9.01
2019-05-27,12.24
2019-05-28,10.88
2019-05-29,10.03
2019-05-30,11.05
2019-05-31,10.37
2019-06-01,5.51
2019-06-02,5.32
2019-06-03,5.89
2019-06-04,7.03
2019-06-05,5.7
2019-06-06,5.32
2019-06-07,5.51
2019-06-08,4.75
2019-06-09,4.5600000000000005
2019-06-10,4.94
2019-06-11,5.13
2019-06-12,5.13
2019-06-13,5.32
2019-06-14,5.7
2019-06-15,5.7
2019-06-16,6.84
2019-06-17,7.6
2019-06-18,7.22
2019-06-19,6.46
2019-06-20,6.65
2019-06-21,8.17
2019-06-22,12.92
2019-06-23,8.93
2019-06-24,9.5
2019-06-25,10.64
2019-06-26,19.0
2019-06-27,15.96
2019-06-28,11.59
2019-06-29,8.93
2019-06-30,7.98
2019-07-01,16.830000000000002
2019-07-02,17.0
2019-07-03,15.47
2019-07-04,14.11
2019-07-05,13.77
2019-07-06,11.73
2019-07-07,11.05
2019-07-08,13.090000000000002
2019-07-09,15.13
2019-07-10,16.150000000000002
2019-07-11,14.62
2019-07-12,14.45
2019-07-13,12.41
2019-07-14,12.920000000000002
2019-07-15,14.96
2019-07-16,15.47
2019-07-17,15.47
2019-07-18,14.28
2019-07-19,13.090000000000002
2019-07-20,10.54
2019-07-21,10.71
2019-07-22,10.88
2019-07-23,11.22
2019-07-24,12.07
2019-07-25,11.73
2019-07-26,10.03
2019-07-27,11.05
2019-07-28,10.37
2019-07-29,10.88
2019-07-30,10.03
2019-07-31,10.37
2019-08-01,11.25
2019-08-02,12.0
2019-08-03,10.65
2019-08-04,10.35
2019-08-05,15.0
2019-08-06,14.85
2019-08-07,13.5
2019-08-08,12.45
2019-08-09,11.85
2019-08-10,11.1
2019-08-11,9.3
2019-08-12,11.85
2019-08-13,12.0
2019-08-14,12.75
2019-08-15,13.65
2019-08-16,11.1
2019-08-17,10.05
2019-08-18,9.75
2019-08-19,11.7
2019-08-20,10.8
2019-08-21,11.7
2019-08-22,10.5
2019-08-23,10.05
2019-08-24,9.15
2019-08-25,9.3
2019-08-26,10.35
2019-08-27,9.9
2019-08-28,9.6
2019-08-29,11.7
2019-08-30,10.05
2019-08-31,8.549999999999999
2019-09-01,6.84
2019-09-02,8.52
2019-09-03,9.6
2019-09-04,8.76
2019-09-05,8.04
2019-09-06,7.92
2019-09-07,6.84
2019-09-08,6.84
2019-09-09,7.8
2019-09-10,7.56
2019-09-11,7.08
2019-09-12,7.8
2019-09-13,7.08
2019-09-14,6.6
2019-09-15,6.12
2019-09-16,6.6
2019-09-17,6.12
2019-09-18,7.199999999999998
2019-09-19,6.96
2019-09-20,6.96
2019-09-21,5.88
2019-09-22,6.24
2019-09-23,7.199999999999998
2019-09-24,9.96
2019-09-25,12.0
2019-09-26,10.44
2019-09-27,9.72
2019-09-28,7.68
2019-09-29,7.199999999999998
2019-09-30,8.76
2019-10-01,7.92
2019-10-02,7.68
2019-10-03,7.56
2019-10-04,6.96
2019-10-05,6.3599999999999985
2019-10-06,6.3599999999999985
2019-10-07,7.56
2019-10-08,7.199999999999998
2019-10-09,7.439999999999999
2019-10-10,7.3199999999999985
2019-10-11,6.6
2019-10-12,6.0
2019-10-13,6.0
2019-10-14,6.72
2019-10-15,6.72
2019-10-16,6.3599999999999985
2019-10-17,6.96
2019-10-18,6.84
2019-10-19,5.88
2019-10-20,5.64
2019-10-21,6.6
2019-10-22,6.72
2019-10-23,8.28
2019-10-24,7.56
2019-10-25,8.879999999999997
2019-10-26,12.0
2019-10-27,8.64
2019-10-28,8.879999999999997
2019-10-29,8.52
2019-10-30,7.68
2019-10-31,7.199999999999998
2019-11-01,8.36
2019-11-02,7.59
2019-11-03,7.26
2019-11-04,8.03
2019-11-05,8.36
2019-11-06,8.14
2019-11-07,7.48
2019-11-08,7.81
2019-11-09,7.04
2019-11-10,6.93
2019-11-11,7.81
2019-11-12,7.81
2019-11-13,7.7
2019-11-14,7.37
2019-11-15,7.15
2019-11-16,7.37
2019-11-17,6.93
2019-11-18,7.26
2019-11-19,7.92
2019-11-20,7.59
2019-11-21,9.13
2019-11-22,10.56
2019-11-23,8.14
2019-11-24,7.92
2019-11-25,11.0
2019-11-26,10.23
2019-11-27,8.91
2019-11-28,8.14
2019-11-29,7.37
2019-11-30,7.04
2019-12-01,7.6
2019-12-02,8.1
2019-12-03,8.5
2019-12-04,8.3
2019-12-05,8.200000000000001
2019-12-06,7.800000000000002
2019-12-07,6.800000000000002
2019-12-08,7.0
2019-12-09,7.6
2019-12-10,7.800000000000002
2019-12-11,7.800000000000002
2019-12-12,7.7
2019-12-13,8.200000000000001
2019-12-14,7.300000000000002
2019-12-15,7.5
2019-12-16,8.0
2019-12-17,10.0
2019-12-18,9.9
2019-12-19,9.1
2019-12-20,8.0
2019-12-21,7.300000000000002
2019-12-22,7.5
2019-12-23,8.3
2019-12-24,7.7
2019-12-25,7.5
2019-12-26,7.800000000000002
2019-12-27,7.5
2019-12-28,7.4
2019-12-29,7.800000000000002
2019-12-30,7.300000000000002
2019-12-31,7.300000000000002
2020-01-01,7.3199999999999985
2020-01-02,7.8
2020-01-03,8.64
2020-01-04,7.68
2020-01-05,8.28
2020-01-06,9.12
2020-01-07,11.04
2020-01-08,11.4
2020-01-09,9.36
2020-01-10,8.879999999999997
2020-01-11,9.0
2020-01-12,7.56
2020-01-13,7.92
2020-01-14,12.0
2020-01-15,11.28
2020-01-16,9.36
2020-01-17,9.96
2020-01-18,8.879999999999997
2020-01-19,10.2
2020-01-20,9.6
2020-01-21,8.879999999999997
2020-01-22,9.0
2020-01-23,8.52
2020-01-24,8.16
2020-01-25,7.56
2020-01-26,6.96
2020-01-27,8.76
2020-01-28,10.2
2020-01-29,10.68
2020-01-30,10.56
2020-01-31,9.72
2020-02-01,9.8
2020-02-02,9.38
2020-02-03,10.22
2020-02-04,10.500000000000002
2020-02-05,11.48
2020-02-06,11.760000000000002
2020-02-07,11.62
2020-02-08,10.64
2020-02-09,13.580000000000002
2020-02-10,12.18
2020-02-11,12.88
2020-02-12,14.000000000000002
2020-02-13,12.46
2020-02-14,11.760000000000002
2020-02-15,10.920000000000002
2020-02-16,10.36
2020-02-17,11.06
2020-02-18,10.920000000000002
2020-02-19,11.48
2020-02-20,11.340000000000002
2020-02-21,10.36
2020-02-22,9.24
2020-02-23,9.24
2020-02-24,11.48
2020-02-25,11.760000000000002
2020-02-26,11.9
2020-02-27,12.32
2020-02-28,11.9
2020-02-29,9.66
2020-03-01,5.4
2020-03-02,5.4
2020-03-03,5.76
2020-03-04,5.58
2020-03-05,6.12
2020-03-06,6.12
2020-03-07,5.22
2020-03-08,5.04
2020-03-09,9.36
2020-03-10,7.199999999999998
2020-03-11,6.3
2020-03-12,13.14
2020-03-13,18.0
2020-03-14,11.88
2020-03-15,9.72
2020-03-16,12.42
2020-03-17,10.26
2020-03-18,9.54
2020-03-19,10.98
2020-03-20,10.62
2020-03-21,8.64
2020-03-22,8.1
2020-03-23,8.28
2020-03-24,9.0
2020-03-25,8.1
2020-03-26,7.199999999999998
2020-03-27,6.84
2020-03-28,7.199999999999998
2020-03-29,7.02
2020-03-30,7.02
2020-03-31,6.48
2020-04-01,8.7
2020-04-02,9.9
2020-04-03,9.0
2020-04-04,8.549999999999999
2020-04-05,8.4
2020-04-06,9.75
2020-04-07,9.75
2020-04-08,9.15
2020-04-09,8.7
2020-04-10,9.45
2020-04-11,8.549999999999999
2020-04-12,8.7
2020-04-13,8.7
2020-04-14,8.7
2020-04-15,8.549999999999999
2020-04-16,9.0
2020-04-17,8.25
2020-04-18,8.4
2020-04-19,7.949999999999998
2020-04-20,8.4
2020-04-21,8.25
2020-04-22,8.7
2020-04-23,9.3
2020-04-24,9.6
2020-04-25,9.15
2020-04-26,9.15
2020-04-27,9.45
2020-04-28,9.3
2020-04-29,12.75
2020-04-30,15.0
2020-05-01,10.26
2020-05-02,9.31
2020-05-03,9.5
2020-05-04,9.69
2020-05-05,8.93
2020-05-06,10.26
2020-05-07,12.54
2020-05-08,14.25
2020-05-09,12.35
2020-05-10,15.77
2020-05-11,19.0
2020-05-12,13.68
2020-05-13,11.97
2020-05-14,11.78
2020-05-15,10.07
2020-05-16,9.12
2020-05-17,9.5
2020-05-18,9.88
2020-05-19,8.93
2020-05-20,8.74
2020-05-21,9.31
2020-05-22,8.55
2020-05-23,7.6
2020-05-24,8.36
2020-05-25,8.17
2020-05-26,8.17
2020-05-27,8.17
2020-05-28,7.6
2020-05-29,7.22
2020-05-30,7.03
2020-05-31,7.41
2020-06-01,9.23
2020-06-02,13.0
2020-06-03,10.14
2020-06-04,9.36
2020-06-05,9.36
2020-06-06,8.58
2020-06-07,9.49
2020-06-08,8.71
2020-06-09,8.84
2020-06-10,9.1
2020-06-11,9.62
2020-06-12,9.1
2020-06-13,8.58
2020-06-14,7.9300000000000015
2020-06-15,8.97
2020-06-16,8.71
2020-06-17,8.450000000000001
2020-06-18,8.32
2020-06-19,7.67
2020-06-20,7.41
2020-06-21,7.54
2020-06-22,8.19
2020-06-23,8.32
2020-06-24,8.32
2020-06-25,8.06
2020-06-26,8.06
2020-06-27,8.450000000000001
2020-06-28,7.9300000000000015
2020-06-29,7.54
2020-06-30,7.67
2020-07-01,6.76
2020-07-02,6.5
2020-07-03,6.63
2020-07-04,6.11
2020-07-05,6.24
2020-07-06,6.63
2020-07-07,6.5
2020-07-08,7.0200000000000005
2020-07-09,6.63
2020-07-10,6.24
2020-07-11,5.59
2020-07-12,5.7200000000000015
2020-07-13,6.37
2020-07-14,6.24
2020-07-15,7.28
2020-07-16,9.23
2020-07-17,6.8900000000000015
2020-07-18,8.84
2020-07-19,6.37
2020-07-20,5.7200000000000015
2020-07-21,7.0200000000000005
2020-07-22,6.63
2020-07-23,7.28
2020-07-24,7.0200000000000005
2020-07-25,7.28
2020-07-26,8.58
2020-07-27,12.09
2020-07-28,13.0
2020-07-29,10.79
2020-07-30,9.36
2020-07-31,9.62
2020-08-01,14.85
2020-08-02,15.0
2020-08-03,13.05
2020-08-04,11.7
2020-08-05,12.0
2020-08-06,12.15
2020-08-07,12.0
2020-08-08,11.25
2020-08-09,10.65
2020-08-10,12.75
2020-08-11,11.7
2020-08-12,10.65
2020-08-13,11.1
2020-08-14,11.25
2020-08-15,10.65
2020-08-16,10.35
2020-08-17,12.15
2020-08-18,12.15
2020-08-19,10.8
2020-08-20,10.5
2020-08-21,10.35
2020-08-22,9.75
2020-08-23,9.3
2020-08-24,9.75
2020-08-25,9.9
2020-08-26,9.15
2020-08-27,9.0
2020-08-28,8.7
2020-08-29,8.25
2020-08-30,8.549999999999999
2020-08-31,9.15
2020-09-01,9.84
2020-09-02,9.72
2020-09-03,11.04
2020-09-04,12.0
2020-09-05,10.92
2020-09-06,10.32
2020-09-07,9.6
2020-09-08,9.96
2020-09-09,9.6
2020-09-10,9.36
2020-09-11,8.64
2020-09-12,8.28
2020-09-13,8.4
2020-09-14,8.52
2020-09-15,8.879999999999997
2020-09-16,9.0
2020-09-17,8.76
2020-09-18,8.16
2020-09-19,7.8
2020-09-20,7.8
2020-09-21,9.0
2020-09-22,8.04
2020-09-23,8.52
2020-09-24,8.16
2020-09-25,7.56
2020-09-26,7.68
2020-09-27,7.439999999999999
2020-09-28,8.04
2020-09-29,7.8
2020-09-30,7.56
2020-10-01,5.76
2020-10-02,6.12
2020-10-03,5.4
2020-10-04,5.16
2020-10-05,5.64
2020-10-06,5.88
2020-10-07,5.4
2020-10-08,5.64
2020-10-09,6.24
2020-10-10,6.48
2020-10-11,6.3599999999999985
2020-10-12,6.72
2020-10-13,6.12
2020-10-14,6.12
2020-10-15,6.24
2020-10-16,6.48
2020-10-17,5.2799999999999985
2020-10-18,5.88
2020-10-19,6.48
2020-10-20,7.68
2020-10-21,11.64
2020-10-22,12.0
2020-10-23,10.2
2020-10-24,8.52
2020-10-25,8.28
2020-10-26,8.52
2020-10-27,10.44
2020-10-28,10.68
2020-10-29,8.76
2020-10-30,8.879999999999997
2020-10-31,9.24
2020-11-01,9.24
2020-11-02,9.24
2020-11-03,8.14
2020-11-04,8.14
2020-11-05,13.2
2020-11-06,14.08
2020-11-07,11.22
2020-11-08,10.78
2020-11-09,12.1
2020-11-10,9.9
2020-11-11,9.9
2020-11-12,11.22
2020-11-13,11.88
2020-11-14,10.34
2020-11-15,9.46
2020-11-16,12.1
2020-11-17,15.84
2020-11-18,19.14
2020-11-19,15.62
2020-11-20,16.5
2020-11-21,16.94
2020-11-22,14.52
2020-11-23,14.96
2020-11-24,20.46
2020-11-25,18.7
2020-11-26,22.0
2020-11-27,15.84
2020-11-28,13.42
2020-11-29,12.98
2020-11-30,17.6
2020-12-01,15.079999999999998
2020-12-02,11.89
2020-12-03,11.6
2020-12-04,10.73
2020-12-05,10.73
2020-12-06,9.28
2020-12-07,10.44
2020-12-08,10.15
2020-12-09,10.15
2020-12-10,9.28
2020-12-11,9.86
2020-12-12,8.41
2020-12-13,9.57
2020-12-14,9.28
2020-12-15,9.57
2020-12-16,17.689999999999994
2020-12-17,29.0
2020-12-18,19.72
2020-12-19,17.4
2020-12-20,15.95
2020-12-21,18.56
2020-12-22,14.79
2020-12-23,14.499999999999998
2020-12-24,13.34
2020-12-25,15.37
2020-12-26,21.75
2020-12-27,28.13
2020-12-28,22.62
2020-12-29,20.3
2020-12-30,22.62
2020-12-31,22.33
2021-01-01,23.18
2021-01-02,40.87
2021-01-03,47.58
2021-01-04,40.26
2021-01-05,32.94
2021-01-06,37.21
2021-01-07,54.9
2021-01-08,55.51
2021-01-09,40.26
2021-01-10,39.65
2021-01-11,61.0
2021-01-12,46.36
2021-01-13,38.43
2021-01-14,40.87
2021-01-15,35.38
2021-01-16,28.06
2021-01-17,26.84
2021-01-18,26.23
2021-01-19,25.01
2021-01-20,24.4
2021-01-21,30.5
2021-01-22,33.55
2021-01-23,24.4
2021-01-24,21.96
2021-01-25,23.18
2021-01-26,21.35
2021-01-27,22.57
2021-01-28,23.18
2021-01-29,37.82
2021-01-30,26.84
2021-01-31,21.96
2021-02-01,25.6
2021-02-02,24.32
2021-02-03,24.32
2021-02-04,25.6
2021-02-05,23.68
2021-02-06,27.52
2021-02-07,24.96
2021-02-08,56.32
2021-02-09,63.36
2021-02-10,44.16
2021-02-11,42.24
2021-02-12,38.4
2021-02-13,33.28
2021-02-14,35.84
2021-02-15,35.84
2021-02-16,40.32
2021-02-17,46.08
2021-02-18,41.6
2021-02-19,46.72
2021-02-20,51.2
2021-02-21,45.44
2021-02-22,50.56
2021-02-23,64.0
2021-02-24,46.08
2021-02-25,39.04
2021-02-26,40.96
2021-02-27,30.72
2021-02-28,35.84
2021-03-01,43.24
2021-03-02,38.64
2021-03-03,36.34
2021-03-04,35.42
2021-03-05,33.120000000000005
2021-03-06,29.44
2021-03-07,31.74
2021-03-08,32.660000000000004
2021-03-09,38.64
2021-03-10,39.1
2021-03-11,36.34
2021-03-12,35.42
2021-03-13,46.0
2021-03-14,45.54
2021-03-15,40.02
2021-03-16,37.72
2021-03-17,36.34
2021-03-18,35.42
2021-03-19,33.120000000000005
2021-03-20,29.9
2021-03-21,30.360000000000007
2021-03-22,31.74
2021-03-23,32.660000000000004
2021-03-24,37.72
2021-03-25,39.1
2021-03-26,32.2
2021-03-27,28.98
2021-03-28,28.52
2021-03-29,31.28
2021-03-30,32.2
2021-03-31,33.120000000000005
2021-04-01,26.4
2021-04-02,24.0
2021-04-03,22.08
2021-04-04,21.12
2021-04-05,22.08
2021-04-06,22.56
2021-04-07,22.08
2021-04-08,21.12
2021-04-09,19.2
2021-04-10,22.56
2021-04-11,22.56
2021-04-12,22.56
2021-04-13,30.24
2021-04-14,33.12
2021-04-15,27.84
2021-04-16,29.76
2021-04-17,25.44
2021-04-18,45.6
2021-04-19,36.0
2021-04-20,31.68
2021-04-21,25.92
2021-04-22,29.28
2021-04-23,48.0
2021-04-24,33.12
2021-04-25,28.8
2021-04-26,32.16
2021-04-27,27.84
2021-04-28,25.92
2021-04-29,23.04
2021-04-30,23.04
2021-05-01,18.4
2021-05-02,16.560000000000002
2021-05-03,17.94
2021-05-04,19.78
2021-05-05,19.32
2021-05-06,18.86
2021-05-07,17.48
2021-05-08,17.94
2021-05-09,18.86
2021-05-10,19.32
2021-05-11,17.94
2021-05-12,19.32
2021-05-13,46.0
2021-05-14,28.98
