date,CL sentiment
2014-11-28,0.12261666069010635
2014-11-29,0.13417384078289316
2014-11-30,0.12801903189254776
2014-12-01,0.11507768099952113
2014-12-02,0.12124004652680799
2014-12-03,0.13221446994080963
2014-12-04,0.11305604635863767
2014-12-05,0.08417824080183081
2014-12-06,0.10587456305381024
2014-12-07,0.1413292513085322
2014-12-08,0.11432275035047604
2014-12-09,0.11325342744002583
2014-12-10,0.10444088294993882
2014-12-11,0.1521159904910289
2014-12-12,0.1410961553570561
2014-12-13,0.1271849101322099
2014-12-14,0.10450747441427358
2014-12-15,0.11134785122386083
2014-12-16,0.10919835885732665
2014-12-17,0.1081697846584271
2014-12-18,0.10195329431118437
2014-12-19,0.11010207096064731
2014-12-20,0.08652749140849972
2014-12-21,0.11753572673652798
2014-12-22,0.10520221376001697
2014-12-23,0.11056269172990198
2014-12-24,0.10784585660600685
2014-12-25,0.09145388382143205
2014-12-26,0.1026359523955743
2014-12-27,0.13812075114096292
2014-12-28,0.11806330218777562
2014-12-29,0.10776628637306679
2014-12-30,0.10077536239942876
2014-12-31,0.12898588651817253
2015-01-01,0.09749131237989539
2015-01-02,0.08955882984506508
2015-01-03,0.08778752422341281
2015-01-04,0.06552100487306467
2015-01-05,0.08480896101814649
2015-01-06,0.10916180900831272
2015-01-07,0.08199035396514091
2015-01-08,0.09178517400041113
2015-01-09,0.11434852783948157
2015-01-10,0.13937584400727546
2015-01-11,0.13889153818199915
2015-01-12,0.09789588393879657
2015-01-13,0.06624615506293405
2015-01-14,0.04999297563192113
2015-01-15,0.07594042809948225
2015-01-16,0.06856798335973305
2015-01-17,0.09762874231648452
2015-01-18,0.09364307555032339
2015-01-19,0.09041088904557462
2015-01-20,0.12214740175440074
2015-01-21,0.11755324262001376
2015-01-22,0.10248723412289054
2015-01-23,0.12296341959852114
2015-01-24,0.10469159633626363
2015-01-25,0.12379199070716088
2015-01-26,0.12380254418034105
2015-01-27,0.1309610117460346
2015-01-28,0.11439845515865803
2015-01-29,0.13607562849562793
2015-01-30,0.13910059978367814
2015-01-31,0.13095624367692912
2015-02-01,0.10363830708184818
2015-02-02,0.0937665317288103
2015-02-03,0.11140009464173907
2015-02-04,0.10399031154841964
2015-02-05,0.08547952622779621
2015-02-06,0.09514562827444187
2015-02-07,0.11242059027318654
2015-02-08,0.1119432828547054
2015-02-09,0.11896069852371892
2015-02-10,0.12781341128621782
2015-02-11,0.09521126961965695
2015-02-12,0.11279410554984595
2015-02-13,0.11540264159011009
2015-02-14,0.12898579335523402
2015-02-15,0.08246006164442408
2015-02-16,0.1086053131639504
2015-02-17,0.12374326693463908
2015-02-18,0.12587820864561902
2015-02-19,0.11752668695111552
2015-02-20,0.11681667308370848
2015-02-21,0.1322126435313621
2015-02-22,0.12563719812104415
2015-02-23,0.11702378835973701
2015-02-24,0.13132765929437162
2015-02-25,0.12123815440721776
2015-02-26,0.12548622281037422
2015-02-27,0.12853735957976192
2015-02-28,0.1025493326195178
2015-03-01,0.119418575771312
2015-03-02,0.12201175841284208
2015-03-03,0.15373821534112272
2015-03-04,0.11935129076618173
2015-03-05,0.11610216489594172
2015-03-06,0.11987459541596551
2015-03-07,0.10075612542960563
2015-03-08,0.09747231594554416
2015-03-09,0.129820387651572
2015-03-10,0.1267842495171751
2015-03-11,0.11404255492959701
2015-03-12,0.11819952692914971
2015-03-13,0.13375183109449448
2015-03-14,0.13053121220767427
2015-03-15,0.1382829361629415
2015-03-16,0.15202625338877107
2015-03-17,0.13726772388100916
2015-03-18,0.10401129518746709
2015-03-19,0.08799416322150745
2015-03-20,0.09468189587706491
2015-03-21,0.07119215532659202
2015-03-22,0.12543744362996945
2015-03-23,0.10518474303420548
2015-03-24,0.1199756845114428
2015-03-25,0.1334862279504595
2015-03-26,0.11917596604788327
2015-03-27,0.10646346335171723
2015-03-28,0.1064271519562306
2015-03-29,0.11445994738959661
2015-03-30,0.06823081067738246
2015-03-31,0.05897217428482479
2015-04-01,0.08863266228965438
2015-04-02,0.1038906414304195
2015-04-03,0.11311202559654747
2015-04-04,0.13889623601455164
2015-04-05,0.09722984222939711
2015-04-06,0.11245098049559019
2015-04-07,0.12105935773496065
2015-04-08,0.1234765367801023
2015-04-09,0.12401941090297136
2015-04-10,0.1185149353373316
2015-04-11,0.09564099894617166
2015-04-12,0.11443037723651996
2015-04-13,0.1353507140121408
2015-04-14,0.11850893225413547
2015-04-15,0.13407634981696825
2015-04-16,0.11922029105211532
2015-04-17,0.11031520714149354
2015-04-18,0.09902153706085857
2015-04-19,0.1016961405051256
2015-04-20,0.13866926320540304
2015-04-21,0.11231248339723492
2015-04-22,0.10229045860284976
2015-04-23,0.11398163020093137
2015-04-24,0.11074961513031936
2015-04-25,0.11683942786654974
2015-04-26,0.12482256675299816
2015-04-27,0.12732624658074448
2015-04-28,0.08603348285054614
2015-04-29,0.12670529193193256
2015-04-30,0.11887671693269959
2015-05-01,0.12360920034856625
2015-05-02,0.09527492724592278
2015-05-03,0.10225271295079806
2015-05-04,0.1410016865983061
2015-05-05,0.12678808464767483
2015-05-06,0.11744093866068736
2015-05-07,0.11067018552351447
2015-05-08,0.15854775842609364
2015-05-09,0.1333445512651034
2015-05-10,0.10482692367172461
2015-05-11,0.11291114270950091
2015-05-12,0.14366135979221412
2015-05-13,0.12675212999273974
2015-05-14,0.13945330931663172
2015-05-15,0.11740045969506113
2015-05-16,0.11203296289417092
2015-05-17,0.11807169441465572
2015-05-18,0.13212672866662314
2015-05-19,0.13740384989968524
2015-05-20,0.11805480728648252
2015-05-21,0.12944277422551398
2015-05-22,0.12015509048156932
2015-05-23,0.08514782724874685
2015-05-24,0.0996527929799292
2015-05-25,0.09466252890259523
2015-05-26,0.1166655471146929
2015-05-27,0.13092108957410242
2015-05-28,0.11566285172866277
2015-05-29,0.06740982862766627
2015-05-30,0.05708078089750743
2015-05-31,0.13279923994683607
2015-06-01,0.1195191897663025
2015-06-02,0.10818851900563216
2015-06-03,0.13212206810962418
2015-06-04,0.13196134699927922
2015-06-05,0.08482780430716011
2015-06-06,0.12654632193731188
2015-06-07,0.1343227771345455
2015-06-08,0.10913600103411111
2015-06-09,0.15174941930521804
2015-06-10,0.15159797825916965
2015-06-11,0.13186518933233846
2015-06-12,0.13838044625866414
2015-06-13,0.1377094725721298
2015-06-14,0.11368555917749033
2015-06-15,0.1327021833837087
2015-06-16,0.14286238395488582
2015-06-17,0.12836151415069533
2015-06-18,0.11976014836498246
2015-06-19,0.10850773826419291
2015-06-20,0.1126206950387424
2015-06-21,0.10899618079139595
2015-06-22,0.1290922486606402
2015-06-23,0.1186806635686224
2015-06-24,0.1421331483782843
2015-06-25,0.1290207122952864
2015-06-26,0.12755575558672233
2015-06-27,0.09654485879385094
2015-06-28,0.09958312125991887
2015-06-29,0.1029038868869777
2015-06-30,0.09473607372375815
2015-07-01,0.10989761304322718
2015-07-02,0.11178766586251143
2015-07-03,0.10524844539107939
2015-07-04,0.0799996556985147
2015-07-05,0.08241631301511244
2015-07-06,0.122131785717814
2015-07-07,0.13643772185607247
2015-07-08,0.13407411204216016
2015-07-09,0.13813428906925085
2015-07-10,0.12391812337600788
2015-07-11,0.1440355770628226
2015-07-12,0.13291738677578274
2015-07-13,0.09808309093758603
2015-07-14,0.11380367008980374
2015-07-15,0.1182393873223202
2015-07-16,0.11552850453872253
2015-07-17,0.12055714107173733
2015-07-18,0.1143855541782615
2015-07-19,0.10284211196016058
2015-07-20,0.11084999768039534
2015-07-21,0.16382032340912658
2015-07-22,0.14024346913420263
2015-07-23,0.14140242217052973
2015-07-24,0.12121814547164514
2015-07-25,0.1121901167376833
2015-07-26,0.1197412313210715
2015-07-27,0.15559082001014612
2015-07-28,0.12414173005013648
2015-07-29,0.13342613343575385
2015-07-30,0.12305763338944527
2015-07-31,0.13976685623173274
2015-08-01,0.05943695449070081
2015-08-02,0.10408848102618119
2015-08-03,0.10311771750769014
2015-08-04,0.1278921675457683
2015-08-05,0.1353711501226334
2015-08-06,0.1363276963773551
2015-08-07,0.13081236528531748
2015-08-08,0.12378893211114315
2015-08-09,0.12904098999729782
2015-08-10,0.13584688912469525
2015-08-11,0.13356272456501547
2015-08-12,0.12214676071815184
2015-08-13,0.12186297445872324
2015-08-14,0.12032085261639083
2015-08-15,0.10551142433342627
2015-08-16,0.13102996324124652
2015-08-17,0.12555974701257944
2015-08-18,0.12789027964648172
2015-08-19,0.11413330068101886
2015-08-20,0.1451632503843066
2015-08-21,0.13833187665335855
2015-08-22,0.12099426495206031
2015-08-23,0.10793522639756706
2015-08-24,0.09572229626751787
2015-08-25,0.12677849455788512
2015-08-26,0.12477967544230698
2015-08-27,0.1198130978421663
2015-08-28,0.1295816346694453
2015-08-29,0.10363509413491186
2015-08-30,0.10742425334312065
2015-08-31,0.1252613699599276
2015-09-01,0.12428159206621316
2015-09-02,0.12634154468161907
2015-09-03,0.13922614989479334
2015-09-04,0.11983361084294426
2015-09-05,0.10999919672866093
2015-09-06,0.13513927544738263
2015-09-07,0.1416429776464952
2015-09-08,0.13387029270736855
2015-09-09,0.12110772886893752
2015-09-10,0.13418874351220422
2015-09-11,0.08864112197059852
2015-09-12,0.12431559202144
2015-09-13,0.1151400109392278
2015-09-14,0.1074130321887954
2015-09-15,0.11870171952663597
2015-09-16,0.12384460662052207
2015-09-17,0.0879444031739738
2015-09-18,0.08936887922433319
2015-09-19,0.10993037441829034
2015-09-20,0.13148703553875188
2015-09-21,0.13232153957688805
2015-09-22,0.13285045557292244
2015-09-23,0.1627583811602556
2015-09-24,0.12942932131415125
2015-09-25,0.09866214477948054
2015-09-26,0.08948448196926855
2015-09-27,0.11728249479232308
2015-09-28,0.10986671556787925
2015-09-29,0.10755289511038675
2015-09-30,0.11282648104338111
2015-10-01,0.11093797726042563
2015-10-02,0.12201399202936969
2015-10-03,0.14809664597198852
2015-10-04,0.1542287238009524
2015-10-05,0.13125818655316404
2015-10-06,0.10227175744032556
2015-10-07,0.12699959051293325
2015-10-08,0.14738463990445752
2015-10-09,0.12993433004745827
2015-10-10,0.11477033107652315
2015-10-11,0.12788210792926635
2015-10-12,0.11528532375328882
2015-10-13,0.1389865562974155
2015-10-14,0.12583546020241287
2015-10-15,0.14057758921513686
2015-10-16,0.13883750969021685
2015-10-17,0.13847280253890756
2015-10-18,0.1359504087203677
2015-10-19,0.12635602257137699
2015-10-20,0.13959151130365005
2015-10-21,0.141533283040069
2015-10-22,0.13828581827861727
2015-10-23,0.10658865003063969
2015-10-24,0.10810661734651293
2015-10-25,0.10296290756199108
2015-10-26,0.12429670027374606
2015-10-27,0.1271719564972581
2015-10-28,0.13460966901722002
2015-10-29,0.13781946973665557
2015-10-30,0.10759886214195222
2015-10-31,0.09910484239370831
2015-11-01,0.08115053948977143
2015-11-02,0.11699612914781557
2015-11-03,0.1300106872181382
2015-11-04,0.12472955741133263
2015-11-05,0.12219559477019575
2015-11-06,0.10961701925667688
2015-11-07,0.14144692228851063
2015-11-08,0.12405945363748339
2015-11-09,0.11918377732834282
2015-11-10,0.12232730921405256
2015-11-11,0.0989926295856695
2015-11-12,0.09747875797734971
2015-11-13,0.09556566451268778
2015-11-14,0.10653459115685285
2015-11-15,0.07698513682216816
2015-11-16,0.13118693522197988
2015-11-17,0.13054305922120912
2015-11-18,0.11925905725250431
2015-11-19,0.10890037254020611
2015-11-20,0.1028905390111736
2015-11-21,0.0989977862352589
2015-11-22,0.09814017823359907
2015-11-23,0.14423061417097763
2015-11-24,0.13439769674735985
2015-11-25,0.11372955113003039
2015-11-26,0.10649152537452625
2015-11-27,0.11322285871557443
2015-11-28,0.12679089008505354
2015-11-29,0.1088426407411285
2015-11-30,0.12756359909510123
2015-12-01,0.120475659576738
2015-12-02,0.12501729089870522
2015-12-03,0.12906056795684986
2015-12-04,0.11188862779359157
2015-12-05,0.14757730706629946
2015-12-06,0.1371989809928313
2015-12-07,0.13706332518189887
2015-12-08,0.14113276103035804
2015-12-09,0.08770997854677332
2015-12-10,0.10466819757700817
2015-12-11,0.11887718061155476
2015-12-12,0.11656188120574862
2015-12-13,0.11747580878169411
2015-12-14,0.1340360825311094
2015-12-15,0.13844556480914658
2015-12-16,0.15454241569367871
2015-12-17,0.11832178935864418
2015-12-18,0.13667926006001216
2015-12-19,0.11869045777346163
2015-12-20,0.12449541243282448
2015-12-21,0.1229896607211003
2015-12-22,0.12643299696126467
2015-12-23,0.11799022355082095
2015-12-24,0.1053744950938086
2015-12-25,0.14152932590710415
2015-12-26,0.14255224432065264
2015-12-27,0.11855353839366774
2015-12-28,0.13834890008779074
2015-12-29,0.14007360851086564
2015-12-30,0.11150915466844552
2015-12-31,0.13019231567909012
2016-01-01,0.13755134929986468
2016-01-02,0.13965280331873228
2016-01-03,0.11523548333147801
2016-01-04,0.14568293710293254
2016-01-05,0.1198983743005048
2016-01-06,0.11262659079384627
2016-01-07,0.12773100277886756
2016-01-08,0.1231293009064724
2016-01-09,0.13824040187191058
2016-01-10,0.12869367733324882
2016-01-11,0.11011566814901082
2016-01-12,0.11517401729485395
2016-01-13,0.11589344127667274
2016-01-14,0.11721922232161842
2016-01-15,0.10025413689679147
2016-01-16,0.1032038887274402
2016-01-17,0.12046520053592945
2016-01-18,0.12710449906562749
2016-01-19,0.1335223909974435
2016-01-20,0.1158426391621479
2016-01-21,0.11438611879049415
2016-01-22,0.11842983937510852
2016-01-23,0.1334009089694817
2016-01-24,0.13155441649461
2016-01-25,0.13894666811538603
2016-01-26,0.1536790263127776
2016-01-27,0.14160282898172588
2016-01-28,0.14686409310019485
2016-01-29,0.11806940005696447
2016-01-30,0.12423885561238708
2016-01-31,0.11923634028507252
2016-02-01,0.10878294136268328
2016-02-02,0.10739278211988333
2016-02-03,0.14044104045026187
2016-02-04,0.11920991340799142
2016-02-05,0.14487474965956984
2016-02-06,0.12057760013756721
2016-02-07,0.11176573268522386
2016-02-08,0.12008112575372709
2016-02-09,0.1542075363432277
2016-02-10,0.13048534918443422
2016-02-11,0.10336518890221978
2016-02-12,0.09998614784689548
2016-02-13,0.11726750585669984
2016-02-14,0.08422485199300957
2016-02-15,0.12499710474861167
2016-02-16,0.14202335810172295
2016-02-17,0.12979644092792483
2016-02-18,0.10144730854270892
2016-02-19,0.13292245615513182
2016-02-20,0.14245900063476932
2016-02-21,0.15290157312130023
2016-02-22,0.14019213279850176
2016-02-23,0.14083335956638263
2016-02-24,0.12487087696687676
2016-02-25,0.14620424431077364
2016-02-26,0.14538898084481747
2016-02-27,0.1348422114171128
2016-02-28,0.15361603739601376
2016-02-29,0.1164240320296971
2016-03-01,0.14343841523827522
2016-03-02,0.1546780048854586
2016-03-03,0.12352909497687882
2016-03-04,0.12456631723572163
2016-03-05,0.1298878601151323
2016-03-06,0.1345520832862449
2016-03-07,0.13861842426459275
2016-03-08,0.1238413378156349
2016-03-09,0.15482633385402045
2016-03-10,0.11527565853110686
2016-03-11,0.13337284621890985
2016-03-12,0.08534858618873807
2016-03-13,0.11132358665583213
2016-03-14,0.11961951833965451
2016-03-15,0.1433429518690055
2016-03-16,0.13847061776097466
2016-03-17,0.11278650030384708
2016-03-18,0.14543432311203683
2016-03-19,0.14237732180311222
2016-03-20,0.126477662971985
2016-03-21,0.12241699003602947
2016-03-22,0.1380322958704662
2016-03-23,0.11174403429473219
2016-03-24,0.10928255464469451
2016-03-25,0.14962196131405667
2016-03-26,0.14085553455377603
2016-03-27,0.13951870953639486
2016-03-28,0.13914874216845816
2016-03-29,0.14778945455442496
2016-03-30,0.13110971997921309
2016-03-31,0.16484086082885632
2016-04-01,0.13473393798447614
2016-04-02,0.13096369477054556
2016-04-03,0.10744528686254164
2016-04-04,0.15548317497193045
2016-04-05,0.12285805263620811
2016-04-06,0.10451800294801745
2016-04-07,0.11706972172046208
2016-04-08,0.15647558752795604
2016-04-09,0.1550935233345312
2016-04-10,0.1731347802596862
2016-04-11,0.16962078301361716
2016-04-12,0.13638517684261206
2016-04-13,0.15388376676459872
2016-04-14,0.11290726517367636
2016-04-15,0.11053583432613841
2016-04-16,0.1313558925047445
2016-04-17,0.12080393978665623
2016-04-18,0.11892039271441589
2016-04-19,0.1503334487730773
2016-04-20,0.11445270086339306
2016-04-21,0.10059790004643986
2016-04-22,0.09253430704171184
2016-04-23,0.10410536267516805
2016-04-24,0.10675038939373667
2016-04-25,0.1445980615781955
2016-04-26,0.1355443408442799
2016-04-27,0.1121882929838627
2016-04-28,0.12694058722750734
2016-04-29,0.13309769686243708
2016-04-30,0.10483485651221305
2016-05-01,0.14136993412036652
2016-05-02,0.07074365204149452
2016-05-03,0.07067062709821356
2016-05-04,0.07901059182293221
2016-05-05,0.04854658659995647
2016-05-06,0.07988672854826365
2016-05-07,0.11192039168403904
2016-05-08,0.09545900687142275
2016-05-09,0.09069195987578124
2016-05-10,0.1189912570943149
2016-05-11,0.10845791333497576
2016-05-12,0.11811759860563635
2016-05-13,0.11494226684420233
2016-05-14,0.1440486454134219
2016-05-15,0.12661876460730617
2016-05-16,0.13504744633824148
2016-05-17,0.18621927891756446
2016-05-18,0.1469379207606974
2016-05-19,0.15583208229443193
2016-05-20,0.14564160519860056
2016-05-21,0.13413535904610435
2016-05-22,0.14516430561620003
2016-05-23,0.1425538066198304
2016-05-24,0.1306597421825493
2016-05-25,0.1246096479651829
2016-05-26,0.12497050747834097
2016-05-27,0.1109745772668254
2016-05-28,0.0760296522223044
2016-05-29,0.09243602893355263
2016-05-30,0.11193731626413687
2016-05-31,0.10353949093564521
2016-06-01,0.15438968295330532
2016-06-02,0.1065192016464679
2016-06-03,0.12445744114359475
2016-06-04,0.11382600283603238
2016-06-05,0.11789096756468087
2016-06-06,0.15879488759761928
2016-06-07,0.12460056784116365
2016-06-08,0.12266140006611859
2016-06-09,0.09103114839029781
2016-06-10,0.11470634864912006
2016-06-11,0.13208682858018922
2016-06-12,0.10570203831550183
2016-06-13,0.11321440043537263
2016-06-14,0.11672575116479746
2016-06-15,0.13959082050518443
2016-06-16,0.11317658836592924
2016-06-17,0.1058621101305746
2016-06-18,0.11909851046132218
2016-06-19,0.11259503190626823
2016-06-20,0.12083358717124446
2016-06-21,0.12160788886571725
2016-06-22,0.12322417516041216
2016-06-23,0.11433128164232283
2016-06-24,0.12725176302673968
2016-06-25,0.13335829497967952
2016-06-26,0.13107623264520787
2016-06-27,0.13298011906147986
2016-06-28,0.11736027422403601
2016-06-29,0.10665565227650105
2016-06-30,0.1077384072903228
2016-07-01,0.09905602369671347
2016-07-02,0.1124993782115589
2016-07-03,0.11741028984447492
2016-07-04,0.09727785326783289
2016-07-05,0.11481852943630991
2016-07-06,0.12451769038191977
2016-07-07,0.12381911693165369
2016-07-08,0.11645382999089968
2016-07-09,0.12229209989418871
2016-07-10,0.10497690894539197
2016-07-11,0.12129630784683347
2016-07-12,0.12293406375481095
2016-07-13,0.12725165520179302
2016-07-14,0.11516765119736683
2016-07-15,0.0825584092269911
2016-07-16,0.05609669151178779
2016-07-17,0.10280341409790947
2016-07-18,0.129376752593106
2016-07-19,0.09764855590022209
2016-07-20,0.13379480507725136
2016-07-21,0.12170821864394193
2016-07-22,0.09817070791509896
2016-07-23,0.15879514477643247
2016-07-24,0.1203812612919567
2016-07-25,0.1031238344669234
2016-07-26,0.1118188899342036
2016-07-27,0.1720768463802978
2016-07-28,0.12016502695139446
2016-07-29,0.10344136257773423
2016-07-30,0.10458029595908126
2016-07-31,0.10566533370768062
2016-08-01,0.14159832952263188
2016-08-02,0.07655428019932257
2016-08-03,0.053245231808782614
2016-08-04,0.05958221643802976
2016-08-05,0.059436606483131066
2016-08-06,0.05116079315687822
2016-08-07,0.03390417253681017
2016-08-08,0.03507281013137796
2016-08-09,0.07378058431958148
2016-08-10,0.10301713133064225
2016-08-11,0.09409534376741312
2016-08-12,0.09194409780142761
2016-08-13,0.11320808616199032
2016-08-14,0.10889764111556152
2016-08-15,0.10619715385612248
2016-08-16,0.09336177041658465
2016-08-17,0.09462571633391016
2016-08-18,0.1468505674842027
2016-08-19,0.13197638684002175
2016-08-20,0.14804305476640586
2016-08-21,0.0927232180166083
2016-08-22,0.12315104200268219
2016-08-23,0.15004543895865677
2016-08-24,0.12594631600022907
2016-08-25,0.1348207885235783
2016-08-26,0.11515429123493644
2016-08-27,0.100227996791198
2016-08-28,0.10123074099775542
2016-08-29,0.1169493167448438
2016-08-30,0.10222552214621562
2016-08-31,0.12038428777717035
2016-09-01,0.12305822651326177
2016-09-02,0.1317613660471081
2016-09-03,0.10277976109130918
2016-09-04,0.10877621449431335
2016-09-05,0.14119976297305073
2016-09-06,0.11644323515260614
2016-09-07,0.10523054030312701
2016-09-08,0.08214104273882483
2016-09-09,0.09416461970210445
2016-09-10,0.08664159690332765
2016-09-11,0.11251733483794067
2016-09-12,0.1177361658560126
2016-09-13,0.1200202935255648
2016-09-14,0.12840639923662206
2016-09-15,0.09919251530051681
2016-09-16,0.13331641451663703
2016-09-17,0.12907170013027666
2016-09-18,0.12116393555343023
2016-09-19,0.12763894941687656
2016-09-20,0.1251993180418384
2016-09-21,0.1073792695809743
2016-09-22,0.09237137537557613
2016-09-23,0.09702598330690265
2016-09-24,0.13543360663764498
2016-09-25,0.12324972756571506
2016-09-26,0.1578060966406241
2016-09-27,0.13274589091286434
2016-09-28,0.11515837432521465
2016-09-29,0.10450637105822945
2016-09-30,0.1076368494518806
2016-10-01,0.09536961483230616
2016-10-02,0.061885896525499244
2016-10-03,0.10223359084357755
2016-10-04,0.13024444041379205
2016-10-05,0.08665235685069238
2016-10-06,0.09095065107782409
2016-10-07,0.09568925664804934
2016-10-08,0.12203009328076847
2016-10-09,0.13956168418628717
2016-10-10,0.11061321257137895
2016-10-11,0.0997043723205413
2016-10-12,0.09740088146584576
2016-10-13,0.0882912012584497
2016-10-14,0.12951861397131453
2016-10-15,0.10391460294958119
2016-10-16,0.06902173358312041
2016-10-17,0.09122140552949426
2016-10-18,0.1212987047282709
2016-10-19,0.1038763143272475
2016-10-20,0.1132085221649251
2016-10-21,0.09601049905203367
2016-10-22,0.08219441533641943
2016-10-23,0.09158119629259276
2016-10-24,0.12926499827167917
2016-10-25,0.11527142082347076
2016-10-26,0.12063334237793216
2016-10-27,0.1332957599467024
2016-10-28,0.1301243477301268
2016-10-29,0.12029781298020757
2016-10-30,0.10762725473304116
2016-10-31,0.12431360081175015
2016-11-01,0.1115113963730743
2016-11-02,0.1081970517841944
2016-11-03,0.10962883377335052
2016-11-04,0.12064787762326366
2016-11-05,0.13864044419330052
2016-11-06,0.09151293111497744
2016-11-07,0.11088479505060377
2016-11-08,0.1134332180025918
2016-11-09,0.1085157877104829
2016-11-10,0.1281357318135228
2016-11-11,0.11886284918848111
2016-11-12,0.1227487150931896
2016-11-13,0.12147089657904046
2016-11-14,0.10723957984910233
2016-11-15,0.09609439717378296
2016-11-16,0.09998122171963211
2016-11-17,0.10819829982671117
2016-11-18,0.1230593368852965
2016-11-19,0.09185236587086752
2016-11-20,0.11634223290453595
2016-11-21,0.12401096710011969
2016-11-22,0.13164696344995544
2016-11-23,0.1408749742717546
2016-11-24,0.11625025342174816
2016-11-25,0.11136722508523131
2016-11-26,0.11582439935272867
2016-11-27,0.11594284271943883
2016-11-28,0.10704717947079681
2016-11-29,0.10962109499601286
2016-11-30,0.11096215463136583
2016-12-01,0.10324165759892241
2016-12-02,0.11761942020766795
2016-12-03,0.08769021625144495
2016-12-04,0.112026628618043
2016-12-05,0.1014087241778502
2016-12-06,0.12578341556593203
2016-12-07,0.09210276091602121
2016-12-08,0.10834535884188237
2016-12-09,0.11209651883352173
2016-12-10,0.09509284656604731
2016-12-11,0.0993321978083117
2016-12-12,0.12578891595786046
2016-12-13,0.11836689649619057
2016-12-14,0.10820649958171186
2016-12-15,0.06469508211526655
2016-12-16,0.10162917712374984
2016-12-17,0.11241577045997582
2016-12-18,0.10204573817017934
2016-12-19,0.08531771159265118
2016-12-20,0.11472017427948425
2016-12-21,0.11425976971192375
2016-12-22,0.13073419585000584
2016-12-23,0.10991400751057734
2016-12-24,0.139109721098703
2016-12-25,0.09817259922794214
2016-12-26,0.15637923472569493
2016-12-27,0.10565777885352198
2016-12-28,0.11054393922993033
2016-12-29,0.1203652158332095
2016-12-30,0.08610300594669107
2016-12-31,0.10557793853395399
2017-01-01,0.09610488206074386
2017-01-02,0.10704414040203576
2017-01-03,0.1245612803292869
2017-01-04,0.11377482920610979
2017-01-05,0.1078391446435207
2017-01-06,0.1157223935784756
2017-01-07,0.11386676967921994
2017-01-08,0.12181192468667591
2017-01-09,0.11710057784284557
2017-01-10,0.0987763855085196
2017-01-11,0.09987903783985722
2017-01-12,0.09824378670383443
2017-01-13,0.10615076739955458
2017-01-14,0.11614183181610284
2017-01-15,0.09604399628697612
2017-01-16,0.11962557988914128
2017-01-17,0.12016897903370093
2017-01-18,0.09757500803188994
2017-01-19,0.11651508140556292
2017-01-20,0.12272340687479472
2017-01-21,0.1198143963573618
2017-01-22,0.10774235827621544
2017-01-23,0.10003021585765222
2017-01-24,0.08312679650581158
2017-01-25,0.12379252515476559
2017-01-26,0.10148637336363382
2017-01-27,0.1233452929657944
2017-01-28,0.13299378928344743
2017-01-29,0.12299535482194641
2017-01-30,0.09781090290396138
2017-01-31,0.12378940289039253
2017-02-01,0.1495647395262784
2017-02-02,0.10489518990965341
2017-02-03,0.11528814137079137
2017-02-04,0.11084768376791097
2017-02-05,0.11921174429394396
2017-02-06,0.13439038554073265
2017-02-07,0.11400842176464579
2017-02-08,0.11364625862682454
2017-02-09,0.11778875052475428
2017-02-10,0.11602259049439496
2017-02-11,0.1314499826452842
2017-02-12,0.15130589528542276
2017-02-13,0.12277382484844415
2017-02-14,0.130392496763113
2017-02-15,0.11882858642426761
2017-02-16,0.11466976938291992
2017-02-17,0.11524839710483754
2017-02-18,0.10002046117688977
2017-02-19,0.1265555860984792
2017-02-20,0.10281192920291815
2017-02-21,0.10018626071221935
2017-02-22,0.11027698708439793
2017-02-23,0.12251190828919473
2017-02-24,0.11308361716910104
2017-02-25,0.09715448719198466
2017-02-26,0.12672422555201243
2017-02-27,0.11671857499016706
2017-02-28,0.10674933938084474
2017-03-01,0.12865537736824417
2017-03-02,0.11265361728539618
2017-03-03,0.1127217102877726
2017-03-04,0.10169573521217291
2017-03-05,0.11029497728934677
2017-03-06,0.11262352226872156
2017-03-07,0.09154957203730421
2017-03-08,0.09567747650451439
2017-03-09,0.09878907461845711
2017-03-10,0.11179943682091248
2017-03-11,0.08590007261239002
2017-03-12,0.10230566421776252
2017-03-13,0.1002536274821905
2017-03-14,0.09003610879889763
2017-03-15,0.09942159136114144
2017-03-16,0.09877372094515688
2017-03-17,0.10799778550653473
2017-03-18,0.1011180332904002
2017-03-19,0.08258763786500817
2017-03-20,0.06929593834700078
2017-03-21,0.08863537851003879
2017-03-22,0.09589596413102643
2017-03-23,0.10705632003308654
2017-03-24,0.07430209147458809
2017-03-25,0.09289273571320414
2017-03-26,0.0999571654997745
2017-03-27,0.10145575547307084
2017-03-28,0.11616606103644597
2017-03-29,0.10744364981947772
2017-03-30,0.10581528621542062
2017-03-31,0.11555294769311243
2017-04-01,0.09622618160477259
2017-04-02,0.0898648298901493
2017-04-03,0.0962385224633648
2017-04-04,0.13176889374248027
2017-04-05,0.1285008436741801
2017-04-06,0.07902115104843287
2017-04-07,0.09635036780666625
2017-04-08,0.11759601762339517
2017-04-09,0.1329769025016504
2017-04-10,0.11267795794485541
2017-04-11,0.1130976141662025
2017-04-12,0.11657924378722066
2017-04-13,0.09672878394976571
2017-04-14,0.10222840399759589
2017-04-15,0.09031977247154725
2017-04-16,0.07178671829353461
2017-04-17,0.10006801705928663
2017-04-18,0.08896628813472549
2017-04-19,0.09067311786816351
2017-04-20,0.09589362136571837
2017-04-21,0.10604616648851505
2017-04-22,0.12618221326269996
2017-04-23,0.1094940068710417
2017-04-24,0.10308064389799333
2017-04-25,0.1197966770128817
2017-04-26,0.12479899832563801
2017-04-27,0.10031668564209033
2017-04-28,0.08007750668388298
2017-04-29,0.0812493936273814
2017-04-30,0.10139184826102324
2017-05-01,0.08488532763850204
2017-05-02,0.10580365937671277
2017-05-03,0.11555965483611293
2017-05-04,0.10277363478485693
2017-05-05,0.12011956216896445
2017-05-06,0.1076778964648808
2017-05-07,0.10021992393318382
2017-05-08,0.12036982992074123
2017-05-09,0.10514637360118813
2017-05-10,0.10554423092675004
2017-05-11,0.11995038170739283
2017-05-12,0.10718848038338451
2017-05-13,0.09011204763269888
2017-05-14,0.0985444632363442
2017-05-15,0.10335641976076869
2017-05-16,0.12686343400437938
2017-05-17,0.12144658496782301
2017-05-18,0.10280593246016144
2017-05-19,0.10879662234426675
2017-05-20,0.13998317687207507
2017-05-21,0.11478753886397736
2017-05-22,0.11225400388198643
2017-05-23,0.05913505641326737
2017-05-24,0.11260955929807047
2017-05-25,0.10831665526863225
2017-05-26,0.10902676806767726
2017-05-27,0.07947304437545337
2017-05-28,0.11124979514461034
2017-05-29,0.10785919146904976
2017-05-30,0.1269677198078818
2017-05-31,0.13050767171081273
2017-06-01,0.13427947507848692
2017-06-02,0.12226491839173137
2017-06-03,0.11962459935853671
2017-06-04,0.10085052829929954
2017-06-05,0.12411195910034001
2017-06-06,0.1288162721289526
2017-06-07,0.13750919174646087
2017-06-08,0.13176900343646145
2017-06-09,0.11357149336107439
2017-06-10,0.1062540524529827
2017-06-11,0.119471469361497
2017-06-12,0.11664569948342095
2017-06-13,0.1330252367606629
2017-06-14,0.0979311352772532
2017-06-15,0.09947863835148633
2017-06-16,0.10595543978003384
2017-06-17,0.12414826545194446
2017-06-18,0.11983278216009113
2017-06-19,0.12300518125699103
2017-06-20,0.11436155822706541
2017-06-21,0.1400652165116206
2017-06-22,0.12523972324823207
2017-06-23,0.10574836639153772
2017-06-24,0.11723643155844088
2017-06-25,0.1387642435011004
2017-06-26,0.11665990427152478
2017-06-27,0.09914958280526312
2017-06-28,0.10327985401991753
2017-06-29,0.13989054525534977
2017-06-30,0.09863711052861054
2017-07-01,0.0898301103839604
2017-07-02,0.12172853792833276
2017-07-03,0.10644125902605851
2017-07-04,0.11146120852076533
2017-07-05,0.09976361763567451
2017-07-06,0.10796859738184376
2017-07-07,0.1075697942104935
2017-07-08,0.11344767250191125
2017-07-09,0.10703228546896634
2017-07-10,0.119112963120046
2017-07-11,0.12860386768269827
2017-07-12,0.09227691793373397
2017-07-13,0.0964314010899524
2017-07-14,0.0911903946576481
2017-07-15,0.09977021851157349
2017-07-16,0.1092469721136578
2017-07-17,0.1076739566813977
2017-07-18,0.10505818209448656
2017-07-19,0.12653259656271476
2017-07-20,0.11507792620856938
2017-07-21,0.1215428113510102
2017-07-22,0.0940538223487406
2017-07-23,0.11949972665990144
2017-07-24,0.13085275246350034
2017-07-25,0.10783742209623381
2017-07-26,0.0965793331780831
2017-07-27,0.11349039450130423
2017-07-28,0.12856193572008634
2017-07-29,0.08878082931926694
2017-07-30,0.11005526173924308
2017-07-31,0.10281797202658803
2017-08-01,0.10794596324401086
2017-08-02,0.09766704470254187
2017-08-03,0.11006564795570402
2017-08-04,0.09276881614337351
2017-08-05,0.10996233048082062
2017-08-06,0.09168810594027921
2017-08-07,0.11027690149033686
2017-08-08,0.10338200992817163
2017-08-09,0.10776420243034494
2017-08-10,0.10880182939758319
2017-08-11,0.11411441657353295
2017-08-12,0.12897243907686384
2017-08-13,0.12161937014133221
2017-08-14,0.11643091442994272
2017-08-15,0.12480869015181002
2017-08-16,0.12487276649340197
2017-08-17,0.10104821278115282
2017-08-18,0.10322926636624928
2017-08-19,0.1003605692572452
2017-08-20,0.10034296937431378
2017-08-21,0.11306902502721591
2017-08-22,0.10986401127428441
2017-08-23,0.10692110051650733
2017-08-24,0.11715521106732521
2017-08-25,0.10502505028290136
2017-08-26,0.11963429293797112
2017-08-27,0.1082266579512388
2017-08-28,0.12092035536114767
2017-08-29,0.11096283836823428
2017-08-30,0.11895191063749633
2017-08-31,0.12389950685569445
2017-09-01,0.12648606614200522
2017-09-02,0.11699927655286314
2017-09-03,0.11594535495086186
2017-09-04,0.10186581207655232
2017-09-05,0.11049637935259513
2017-09-06,0.11618091779338555
2017-09-07,0.12013261423783377
2017-09-08,0.09382101359950842
2017-09-09,0.0858320241429504
2017-09-10,0.10628458947129783
2017-09-11,0.10822391356398492
2017-09-12,0.08526620643349524
2017-09-13,0.0789030447449488
2017-09-14,0.0858507972151046
2017-09-15,0.08766731303908139
2017-09-16,0.09605851250496535
2017-09-17,0.09788627081203931
2017-09-18,0.11021071141444684
2017-09-19,0.09224097570915965
2017-09-20,0.08910601286799025
2017-09-21,0.08698786519906773
2017-09-22,0.0901944530987005
2017-09-23,0.10740280924681832
2017-09-24,0.0936310255728231
2017-09-25,0.11281926254530725
2017-09-26,0.10560823658676158
2017-09-27,0.0865978591795962
2017-09-28,0.10050141310673118
2017-09-29,0.09880542998354577
2017-09-30,0.09322316018038934
2017-10-01,0.1065630298574731
2017-10-02,0.11111855363278847
2017-10-03,0.10620593063397954
2017-10-04,0.09995618209868402
2017-10-05,0.11434746422978406
2017-10-06,0.10209060324531292
2017-10-07,0.11913635898737154
2017-10-08,0.1189836802258787
2017-10-09,0.11634759693165468
2017-10-10,0.11083350625488231
2017-10-11,0.10389648839814682
2017-10-12,0.11725104747886235
2017-10-13,0.1143396620893671
2017-10-14,0.11823448135609266
2017-10-15,0.11574932460297853
2017-10-16,0.12716579454697266
2017-10-17,0.12933005594691077
2017-10-18,0.0985802020390401
2017-10-19,0.12457358832725136
2017-10-20,0.12013683299560489
2017-10-21,0.13013829965477658
2017-10-22,0.1499793155272377
2017-10-23,0.10939989297374407
2017-10-24,0.10409249439606162
2017-10-25,0.0975549375258209
2017-10-26,0.1156518315531189
2017-10-27,0.08190634525516811
2017-10-28,0.08999622998429184
2017-10-29,0.08642482300636113
2017-10-30,0.11525664754185633
2017-10-31,0.1085837668907672
2017-11-01,0.13388864529895358
2017-11-02,0.11936457216199699
2017-11-03,0.09285258198305173
2017-11-04,0.0996882145800395
2017-11-05,0.10784562157334639
2017-11-06,0.11404961811682363
2017-11-07,0.10469883096888767
2017-11-08,0.09570301534466262
2017-11-09,0.10845368835579879
2017-11-10,0.10362210674996769
2017-11-11,0.09042562853914812
2017-11-12,0.09175227939763887
2017-11-13,0.11060535012796593
2017-11-14,0.11151662101253487
2017-11-15,0.1174606866951171
2017-11-16,0.10667398724012378
2017-11-17,0.1193560388586366
2017-11-18,0.09987253311055103
2017-11-19,0.11204884994223016
2017-11-20,0.12152016242188594
2017-11-21,0.10289669657547039
2017-11-22,0.11438289604011612
2017-11-23,0.1093474185241999
2017-11-24,0.11114362862007009
2017-11-25,0.12276584894443485
2017-11-26,0.1356340245542933
2017-11-27,0.10103567873564219
2017-11-28,0.11023444832258611
2017-11-29,0.11657557238093556
2017-11-30,0.11013298809417843
2017-12-01,0.09943811468387696
2017-12-02,0.11187382027495105
2017-12-03,0.10378021986547624
2017-12-04,0.10771337227631228
2017-12-05,0.09407624263412044
2017-12-06,0.11413600339343302
2017-12-07,0.1117839895182105
2017-12-08,0.11041071909114747
2017-12-09,0.10434397836301046
2017-12-10,0.10323639977002606
2017-12-11,0.11695248839004785
2017-12-12,0.11806489958880226
2017-12-13,0.12486286321476513
2017-12-14,0.12291169413392783
2017-12-15,0.1075944102675108
2017-12-16,0.11513672116244758
2017-12-17,0.11459722121971515
2017-12-18,0.10547172788289906
2017-12-19,0.10533992637174881
2017-12-20,0.0884899810904148
2017-12-21,0.10502487876806257
2017-12-22,0.08757681827591447
2017-12-23,0.10092152931518923
2017-12-24,0.10126477218879282
2017-12-25,0.12355324251733822
2017-12-26,0.12069949094319393
2017-12-27,0.11579437207647414
2017-12-28,0.10597563625077398
2017-12-29,0.12111566923482132
2017-12-30,0.1034979767705379
2017-12-31,0.11186115160242731
2018-01-01,0.10185693514141307
2018-01-02,0.12306210519806982
2018-01-03,0.1241643614057068
2018-01-04,0.12017069665659012
2018-01-05,0.10874641173917189
2018-01-06,0.12811332539751177
2018-01-07,0.11504236216313793
2018-01-08,0.11304937519144681
2018-01-09,0.12894187808313015
2018-01-10,0.12359194646498188
2018-01-11,0.12408042255015138
2018-01-12,0.12860935466794074
2018-01-13,0.12726088592298834
2018-01-14,0.10504786326232704
2018-01-15,0.11418017416421193
2018-01-16,0.0702231639925528
2018-01-17,0.056647669007737
2018-01-18,0.09709294760891117
2018-01-19,0.10631058092882803
2018-01-20,0.11419026050636931
2018-01-21,0.10342887905938046
2018-01-22,0.10598771030043921
2018-01-23,0.09858000246004991
2018-01-24,0.09254216676258818
2018-01-25,0.12107124526993301
2018-01-26,0.10135059673709443
2018-01-27,0.10459627431215876
2018-01-28,0.12527564146416867
2018-01-29,0.13270555398028894
2018-01-30,0.08793158979451386
2018-01-31,0.08436688979268586
2018-02-01,0.07411505117834427
2018-02-02,0.044742892791380315
2018-02-03,0.07286695862730218
2018-02-04,0.061195577693397715
2018-02-05,0.0374596507747699
2018-02-06,0.04173682732382888
2018-02-07,0.08673405896010229
2018-02-08,0.08763955851460997
2018-02-09,0.08978369620216663
2018-02-10,0.08246009401660746
2018-02-11,0.08451068171390114
2018-02-12,0.09400970489393094
2018-02-13,0.08884236206847441
2018-02-14,0.09801505268490904
2018-02-15,0.1062052538901868
2018-02-16,0.09864087700777043
2018-02-17,0.08812923850897159
2018-02-18,0.08464983196358458
2018-02-19,0.09156766430172886
2018-02-20,0.09558675284985417
2018-02-21,0.09903934489165633
2018-02-22,0.1045562427375742
2018-02-23,0.09975543444242471
2018-02-24,0.09428231689340127
2018-02-25,0.07901182033631034
2018-02-26,0.09954741979146343
2018-02-27,0.09182745037377407
2018-02-28,0.09074383073795356
2018-03-01,0.07894012458268945
2018-03-02,0.07641272386784964
2018-03-03,0.11290857719466882
2018-03-04,0.08667194539254262
2018-03-05,0.09919620198477021
2018-03-06,0.10224183327542022
2018-03-07,0.08034783846724843
2018-03-08,0.056549000311331574
2018-03-09,0.05488409473029489
2018-03-10,0.09471984969972488
2018-03-11,0.06749586135778894
2018-03-12,0.08603295173149038
2018-03-13,0.09669602511333675
2018-03-14,0.06507874184020102
2018-03-15,0.0753635338552609
2018-03-16,0.09444717540523223
2018-03-17,0.06756161054134846
2018-03-18,0.07281387348166402
2018-03-19,0.09919864441313922
2018-03-20,0.08935808064534492
2018-03-21,0.09741260327258326
2018-03-22,0.08013304371246158
2018-03-23,0.07843809397603585
2018-03-24,0.09083801598699716
2018-03-25,0.10961230954088064
2018-03-26,0.08501473880156406
2018-03-27,0.04068267587796124
2018-03-28,0.09327170264581436
2018-03-29,0.05607174647559742
2018-03-30,0.05680592959029435
2018-03-31,0.055209231060338426
2018-04-01,0.0565479658478191
2018-04-02,0.0699681715368223
2018-04-03,0.07120699933566896
2018-04-04,0.06483358530121672
2018-04-05,0.06430217320857744
2018-04-06,0.0690691383105064
2018-04-07,0.08080826394702148
2018-04-08,0.0766824555649534
2018-04-09,0.0607834847100566
2018-04-10,0.06996217454049015
2018-04-11,0.07480198058155561
2018-04-12,0.07316272253575883
2018-04-13,0.08405374493901198
2018-04-14,0.07869086650621268
2018-04-15,0.08274148433838133
2018-04-16,0.08913845769854277
2018-04-17,0.09386630412460022
2018-04-18,0.09733213928866397
2018-04-19,0.10200454333011552
2018-04-20,0.0952902359353442
2018-04-21,0.08793378950815893
2018-04-22,0.09393622346786279
2018-04-23,0.10197919081007034
2018-04-24,0.06951940685391562
2018-04-25,0.07712895171517467
2018-04-26,0.06854105233912103
2018-04-27,0.05916035123137755
2018-04-28,0.05675941680566297
2018-04-29,0.05885146742458674
2018-04-30,0.0799873699867844
2018-05-01,0.0765461632648187
2018-05-02,0.08279820942122519
2018-05-03,0.0827425335320596
2018-05-04,0.09077345274201983
2018-05-05,0.08037354666421084
2018-05-06,0.061591602413913864
2018-05-07,0.06818107296418278
2018-05-08,0.08117521311626308
2018-05-09,0.07015466368545399
2018-05-10,0.10124810450715852
2018-05-11,0.10398589616306367
2018-05-12,0.07390477836412108
2018-05-13,0.08209382248414923
2018-05-14,0.07455195814828976
2018-05-15,0.07803551722763448
2018-05-16,0.075410511341233
2018-05-17,0.08664639870394773
2018-05-18,0.07973821103595391
2018-05-19,0.09801218297859933
2018-05-20,0.10257400674461131
2018-05-21,0.10121882661606081
2018-05-22,0.07421515809271406
2018-05-23,0.07353450241778839
2018-05-24,0.07886113806754967
2018-05-25,0.08707713675693435
2018-05-26,0.0717217201379309
2018-05-27,0.07131149665194826
2018-05-28,0.06310360336416387
2018-05-29,0.08123145312035224
2018-05-30,0.08304046250006107
2018-05-31,0.10249874019444885
2018-06-01,0.10148606717978005
2018-06-02,0.08413794815996056
2018-06-03,0.11613024857322239
2018-06-04,0.11602559499288179
2018-06-05,0.10152870088786112
2018-06-06,0.10048519316343718
2018-06-07,0.10380569430946128
2018-06-08,0.10549980039712314
2018-06-09,0.08803271312971327
2018-06-10,0.07122961701309088
2018-06-11,0.060359438594503365
2018-06-12,0.07652566381243807
2018-06-13,0.052067727818983146
2018-06-14,0.06745554823380376
2018-06-15,0.0756019010245942
2018-06-16,0.05103798529092818
2018-06-17,0.09438839477951567
2018-06-18,0.09538044877447767
2018-06-19,0.0795438486411967
2018-06-20,0.04439042633552102
2018-06-21,0.093855782249605
2018-06-22,0.05732077542607883
2018-06-23,0.046497319873330084
2018-06-24,0.03749481529841027
2018-06-25,0.05661688563534404
2018-06-26,0.07848105540398198
2018-06-27,0.08585400897369228
2018-06-28,0.07485657324770384
2018-06-29,0.04466376501032476
2018-06-30,0.06276607688731059
2018-07-01,0.0815487938283743
2018-07-02,0.08686619734737426
2018-07-03,0.06634636902251742
2018-07-04,0.10609885587654573
2018-07-05,0.06373586528626228
2018-07-06,0.0835646877978687
2018-07-07,0.07872895813146387
2018-07-08,0.06744581640326898
2018-07-09,0.0936734342358081
2018-07-10,0.102306699304342
2018-07-11,0.09476284145428407
2018-07-12,0.059568735982804585
2018-07-13,0.07088792243877526
2018-07-14,0.07462051261494744
2018-07-15,0.09379717819602053
2018-07-16,0.10286717925226459
2018-07-17,0.11304857927256858
2018-07-18,0.09913823071001573
2018-07-19,0.09423022152500835
2018-07-20,0.10150515223755491
2018-07-21,0.0867642795282956
2018-07-22,0.0939665062404191
2018-07-23,0.1037966516391726
2018-07-24,0.09105960963197701
2018-07-25,0.10542033641443534
2018-07-26,0.10257120759234117
2018-07-27,0.07065015723854663
2018-07-28,0.09674025339926387
2018-07-29,0.10108885064649908
2018-07-30,0.07853463757198773
2018-07-31,0.07246095135880101
2018-08-01,0.06656743082946
2018-08-02,0.08147513802908397
2018-08-03,0.08687302778700792
2018-08-04,0.08997852571983413
2018-08-05,0.08939271766502366
2018-08-06,0.08639147665387294
2018-08-07,0.08065738444467972
2018-08-08,0.061672731233572954
2018-08-09,0.08261854329195896
2018-08-10,0.07380033407387872
2018-08-11,0.0524413254116743
2018-08-12,0.0626715673008254
2018-08-13,0.04690482579689497
2018-08-14,0.07184851454257721
2018-08-15,0.08153936215969623
2018-08-16,0.07304914589647382
2018-08-17,0.08689799060517817
2018-08-18,0.07979735395335548
2018-08-19,0.08823556254509142
2018-08-20,0.0756195280357025
2018-08-21,0.05740788511098023
2018-08-22,0.06555138815803406
2018-08-23,0.07437924150441101
2018-08-24,0.08965197669105672
2018-08-25,0.08332003027675718
2018-08-26,0.05772931774066582
2018-08-27,0.0698425440509603
2018-08-28,0.06259901203882214
2018-08-29,0.06012500532883386
2018-08-30,0.07277894121405089
2018-08-31,0.09440554741547104
2018-09-01,0.0780680362040713
2018-09-02,0.08003767241284448
2018-09-03,0.08674245749965515
2018-09-04,0.09460400521081853
2018-09-05,0.09714790483038437
2018-09-06,0.05828203233766739
2018-09-07,0.08580064990805607
2018-09-08,0.07549458572665171
2018-09-09,0.053717673576933446
2018-09-10,0.07106433723739268
2018-09-11,0.06982378207101253
2018-09-12,0.06858936748761622
2018-09-13,0.07810282069866915
2018-09-14,0.07508117639409326
2018-09-15,0.08342162851099157
2018-09-16,0.05760051482159873
2018-09-17,0.06326708187143422
2018-09-18,0.10563199506495474
2018-09-19,0.09033654892829865
2018-09-20,0.0920207569726423
2018-09-21,0.09848019271940865
2018-09-22,0.06325892851067608
2018-09-23,0.07134480277769964
2018-09-24,0.0865409764582768
2018-09-25,0.10598556089023396
2018-09-26,0.09424743648022141
2018-09-27,0.08861222575641493
2018-09-28,0.10484375484258729
2018-09-29,0.07535872004923583
2018-09-30,0.10142680335541698
2018-10-01,0.097845791226648
2018-10-02,0.1154666175313605
2018-10-03,0.12213707592157108
2018-10-04,0.09906117139003459
2018-10-05,0.08938877798301866
2018-10-06,0.1164424433651127
2018-10-07,0.10862848760894152
2018-10-08,0.12899436507898474
2018-10-09,0.10988132510899003
2018-10-10,0.1048273728376607
2018-10-11,0.08052637742333332
2018-10-12,0.10405677185979902
2018-10-13,0.08253162876686279
2018-10-14,0.08762478821179664
2018-10-15,0.05063311270990416
2018-10-16,0.10042149203640233
2018-10-17,0.08192499176458819
2018-10-18,0.09991540803249041
2018-10-19,0.09812723392008743
2018-10-20,0.10540271589202159
2018-10-21,0.11487617979199967
2018-10-22,0.09774669458218997
2018-10-23,0.10408406232113854
2018-10-24,0.1116211174887294
2018-10-25,0.08747163960817747
2018-10-26,0.10569926896794254
2018-10-27,0.08102737926100441
2018-10-28,0.0811122128440999
2018-10-29,0.09348877213536513
2018-10-30,0.05480961245954142
2018-10-31,0.10630321176943285
2018-11-01,0.0838063058128218
2018-11-02,0.09269595918525043
2018-11-03,0.1056256703053671
2018-11-04,0.09150967260606516
2018-11-05,0.09855977906153597
2018-11-06,0.1001279189563338
2018-11-07,0.07874660727772559
2018-11-08,0.046453559780893834
2018-11-09,0.06215469404644121
2018-11-10,0.08097824715609934
2018-11-11,0.10324727917810958
2018-11-12,0.09036646549858572
2018-11-13,0.059069778784091226
2018-11-14,0.055438164279735656
2018-11-15,0.0657059078845654
2018-11-16,0.05952560604579475
2018-11-17,0.060343106457548354
2018-11-18,0.0780501290688239
2018-11-19,0.043370588073710685
2018-11-20,0.04048106622006107
2018-11-21,0.056912499652046464
2018-11-22,0.05959460147731288
2018-11-23,0.0661320504369546
2018-11-24,0.041684532840328685
2018-11-25,0.03196882739471437
2018-11-26,0.10737631345864476
2018-11-27,0.09129566899136089
2018-11-28,0.08973781445533052
2018-11-29,0.08413762829022273
2018-11-30,0.08412091058953071
2018-12-01,0.08515524485754077
2018-12-02,0.09879500079505944
2018-12-03,0.08616066326840811
2018-12-04,0.07293664392308476
2018-12-05,0.07610508539022177
2018-12-06,0.11031272115798886
2018-12-07,0.049830071556480365
2018-12-08,0.07535797934702856
2018-12-09,0.10776155673951954
2018-12-10,0.08682830053108583
2018-12-11,0.08944473464858109
2018-12-12,0.07886256050493949
2018-12-13,0.07657975830887162
2018-12-14,0.07561609342102957
2018-12-15,0.052524415674313034
2018-12-16,0.0617651369381703
2018-12-17,0.08652904628236768
2018-12-18,0.07417610254340079
2018-12-19,0.08974049887234936
2018-12-20,0.10903342340589983
2018-12-21,0.1255166831288747
2018-12-22,0.13244032963616173
2018-12-23,0.12168670095545865
2018-12-24,0.10790540739092042
2018-12-25,0.1483648227874161
2018-12-26,0.17518191885405926
2018-12-27,0.10991618065592418
2018-12-28,0.08908194041382067
2018-12-29,0.09385704881287363
2018-12-30,0.125677435307503
2018-12-31,0.0928747186035423
2019-01-01,0.1327514626654648
2019-01-02,0.15721445963525568
2019-01-03,0.14662485067821604
2019-01-04,0.1276601272757598
2019-01-05,0.08891667140374757
2019-01-06,0.12865094952466613
2019-01-07,0.1265192228329903
2019-01-08,0.09970513658769745
2019-01-09,0.10083148702773094
2019-01-10,0.08322087030974634
2019-01-11,0.08532489111673285
2019-01-12,0.11158594021235367
2019-01-13,0.12223749897369124
2019-01-14,0.09549719373403139
2019-01-15,0.10657995972684092
2019-01-16,0.10992967196514168
2019-01-17,0.08952022265723286
2019-01-18,0.08842325499376584
2019-01-19,0.11859832192118151
2019-01-20,0.12960300996378563
2019-01-21,0.11014322793235402
2019-01-22,0.11309945294186485
2019-01-23,0.0867336713461741
2019-01-24,0.12129079305492782
2019-01-25,0.11149888736436707
2019-01-26,0.10253275500303505
2019-01-27,0.1281489134838479
2019-01-28,0.10018749044948667
2019-01-29,0.07938372842329297
2019-01-30,0.11421221569953989
2019-01-31,0.12684109554596232
2019-02-01,0.09739579944490302
2019-02-02,0.09595389197552864
2019-02-03,0.1095182232989162
2019-02-04,0.07906993098179597
2019-02-05,0.07202893979881488
2019-02-06,0.12004301565861115
2019-02-07,0.09537893580511983
2019-02-08,0.11989026683680165
2019-02-09,0.10905334203685436
2019-02-10,0.10702165432901457
2019-02-11,0.09758227947258208
2019-02-12,0.10454770643193767
2019-02-13,0.07998694039309728
2019-02-14,0.07629577312558584
2019-02-15,0.08957270783688169
2019-02-16,0.10759477535782706
2019-02-17,0.09480684497667408
2019-02-18,0.1225512851231816
2019-02-19,0.11652761923769943
2019-02-20,0.10976262976032898
2019-02-21,0.10585851633568137
2019-02-22,0.0995143063996849
2019-02-23,0.11599758922323025
2019-02-24,0.11139377870575114
2019-02-25,0.12716253597708768
2019-02-26,0.13418884181932633
2019-02-27,0.1211971492182121
2019-02-28,0.11919673212265136
2019-03-01,0.0967118492455663
2019-03-02,0.07590953031558102
2019-03-03,0.12904232224817308
2019-03-04,0.1351357701066395
2019-03-05,0.11316320850638228
2019-03-06,0.11924885310855511
2019-03-07,0.10545923347876511
2019-03-08,0.15598933427954673
2019-03-09,0.1306367296536443
2019-03-10,0.10223835343877831
2019-03-11,0.10452057893020862
2019-03-12,0.08078144095489018
2019-03-13,0.09075465571884739
2019-03-14,0.06598507500099139
2019-03-15,0.06042060194985983
2019-03-16,0.11745321429125198
2019-03-17,0.08823149402634475
2019-03-18,0.12260027601107569
2019-03-19,0.10806139055659601
2019-03-20,0.11619308492211618
2019-03-21,0.12623382195412447
2019-03-22,0.1016147294522962
2019-03-23,0.09790928581590791
2019-03-24,0.09296130712867413
2019-03-25,0.12432773473059482
2019-03-26,0.11155909911026815
2019-03-27,0.09293539200292968
2019-03-28,0.08740466144823124
2019-03-29,0.0955846753667856
2019-03-30,0.06334678004632924
2019-03-31,0.1022564583641876
2019-04-01,0.10494477491453805
2019-04-02,0.09410723282300551
2019-04-03,0.10482833565986249
2019-04-04,0.11811301017170744
2019-04-05,0.11036540997888558
2019-04-06,0.13035326057828645
2019-04-07,0.10079401322444453
2019-04-08,0.11523583816161327
2019-04-09,0.12823540116289434
2019-04-10,0.10813626767832761
2019-04-11,0.06633722109347578
2019-04-12,0.08124616178412233
2019-04-13,0.07098808241071666
2019-04-14,0.09016283341573907
2019-04-15,0.07753449769378759
2019-04-16,0.06561455723438005
2019-04-17,0.07251731377122217
2019-04-18,0.10448266629320747
2019-04-19,0.07969649018612604
2019-04-20,0.08230285658161035
2019-04-21,0.09640845278160007
2019-04-22,0.07527466200204289
2019-04-23,0.0987916086614095
2019-04-24,0.13038795452193325
2019-04-25,0.10434541058018312
2019-04-26,0.10121716538418225
2019-04-27,0.09215369199764205
2019-04-28,0.11601518688625098
2019-04-29,0.0923156526842117
2019-04-30,0.10783745417892567
2019-05-01,0.0765331574070745
2019-05-02,0.08634431051580711
2019-05-03,0.10279699084867135
2019-05-04,0.09665976008733268
2019-05-05,0.08771922096279816
2019-05-06,0.09896791368964955
2019-05-07,0.09178960576513275
2019-05-08,0.08591573708539747
2019-05-09,0.09676722445900846
2019-05-10,0.1002749772292121
2019-05-11,0.11958231968240901
2019-05-12,0.10559348283859582
2019-05-13,0.13126631359655944
2019-05-14,0.10833275479459596
2019-05-15,0.131865916551974
2019-05-16,0.13316898203585983
2019-05-17,0.0988189803694348
2019-05-18,0.10367222048465369
2019-05-19,0.11487448684750333
2019-05-20,0.10439191789421395
2019-05-21,0.08993588207495364
2019-05-22,0.07212121915953223
2019-05-23,0.09277965558435901
2019-05-24,0.08216521087815398
2019-05-25,0.09668105213318023
2019-05-26,0.12604798011126445
2019-05-27,0.09872807123935554
2019-05-28,0.1199167941424883
2019-05-29,0.11862645944208268
2019-05-30,0.12131173416652669
2019-05-31,0.12219528067791098
2019-06-01,0.10328592558307527
2019-06-02,0.10929685680287438
2019-06-03,0.11861427925053966
2019-06-04,0.09812663556128837
2019-06-05,0.11848226862027687
2019-06-06,0.09401424381206175
2019-06-07,0.0753642508169121
2019-06-08,0.08604544715914832
2019-06-09,0.09438598794119488
2019-06-10,0.10645211018827179
2019-06-11,0.09105453022880941
2019-06-12,0.12045226420680287
2019-06-13,0.13378663075094807
2019-06-14,0.1176003141440224
2019-06-15,0.10121649016517476
2019-06-16,0.11934949144176796
2019-06-17,0.09819614425819953
2019-06-18,0.09010527762587724
2019-06-19,0.10076864286741236
2019-06-20,0.10093446606950576
2019-06-21,0.11427883374814904
2019-06-22,0.11630929239898045
2019-06-23,0.12697047800573638
2019-06-24,0.10928913228627786
2019-06-25,0.11595323238178885
2019-06-26,0.12524573133154318
2019-06-27,0.10297474971221683
2019-06-28,0.11012951439237714
2019-06-29,0.11244400165082104
2019-06-30,0.12980107145240258
2019-07-01,0.11441227077559038
2019-07-02,0.11352167207466522
2019-07-03,0.08793509949810834
2019-07-04,0.11136087763754432
2019-07-05,0.12099805982123443
2019-07-06,0.12919320901303208
2019-07-07,0.11777116190786305
2019-07-08,0.11127443978445674
2019-07-09,0.09625280113839166
2019-07-10,0.10382102015353005
2019-07-11,0.1097400447319126
2019-07-12,0.07652727217686296
2019-07-13,0.08004986949798261
2019-07-14,0.09097199963011082
2019-07-15,0.09834140342221637
2019-07-16,0.09311240916376091
2019-07-17,0.08443242471015257
2019-07-18,0.0767372240260704
2019-07-19,0.09098628157460173
2019-07-20,0.1086756292849471
2019-07-21,0.07820560809484053
2019-07-22,0.08718033942611218
2019-07-23,0.09645876120511027
2019-07-24,0.09690228874774261
2019-07-25,0.10030485044727519
2019-07-26,0.08999032054821611
2019-07-27,0.10600603261231036
2019-07-28,0.09591591781094773
2019-07-29,0.09729812472891396
2019-07-30,0.0900250157263827
2019-07-31,0.08198456712180134
2019-08-01,0.08438805514793964
2019-08-02,0.0783596790738055
2019-08-03,0.05861515699503185
2019-08-04,0.11976429690731144
2019-08-05,0.14104835764671628
2019-08-06,0.09259109925557418
2019-08-07,0.11341524412743022
2019-08-08,0.12631774825896105
2019-08-09,0.13099687481328445
2019-08-10,0.09181889558522777
2019-08-11,0.08476365595192697
2019-08-12,0.09772139115044952
2019-08-13,0.1022225121337252
2019-08-14,0.09313151641264107
2019-08-15,0.10389857910260623
2019-08-16,0.12787043997544542
2019-08-17,0.10723889323253337
2019-08-18,0.09294615566479097
2019-08-19,0.08145075008174166
2019-08-20,0.08288767739456449
2019-08-21,0.13380176868925253
2019-08-22,0.09959225787011781
2019-08-23,0.08792452429262622
2019-08-24,0.08730732998440724
2019-08-25,0.11944297716445056
2019-08-26,0.10227872311045039
2019-08-27,0.1047671062201562
2019-08-28,0.08612324932896603
2019-08-29,0.11069541803062805
2019-08-30,0.1285076986133129
2019-08-31,0.09377122517823701
2019-09-01,0.10277626422740993
2019-09-02,0.11304418441511184
2019-09-03,0.12381577666792902
2019-09-04,0.10995895499305966
2019-09-05,0.12469930702302855
2019-09-06,0.0969194339677976
2019-09-07,0.10236430682889255
2019-09-08,0.11849476935519865
2019-09-09,0.10157706046550238
2019-09-10,0.10510892089294019
2019-09-11,0.10674442422272928
2019-09-12,0.08744920168651397
2019-09-13,0.09149859105667373
2019-09-14,0.07854116657177425
2019-09-15,0.10119799565322203
2019-09-16,0.0958592070217326
2019-09-17,0.08903170059044554
2019-09-18,0.08293773490568782
2019-09-19,0.06509254723427856
2019-09-20,0.09136186930162718
2019-09-21,0.12116426774535816
2019-09-22,0.12248807890792072
2019-09-23,0.0817914132976838
2019-09-24,0.0820733446021619
2019-09-25,0.07142293772739486
2019-09-26,0.08616731081977905
2019-09-27,0.09549550481588687
2019-09-28,0.09349230061018968
2019-09-29,0.10314021968982508
2019-09-30,0.11305826606672273
2019-10-01,0.0972443438457481
2019-10-02,0.09742014390843791
2019-10-03,0.13200966263418754
2019-10-04,0.14214716263202695
2019-10-05,0.10523449707438476
2019-10-06,0.11703887322589743
2019-10-07,0.08554889300964799
2019-10-08,0.10582199661117198
2019-10-09,0.08601043388823283
2019-10-10,0.12912457928222218
2019-10-11,0.10083083552723106
2019-10-12,0.09011638357436036
2019-10-13,0.10000602088383526
2019-10-14,0.10716502366897596
2019-10-15,0.11187627618134528
2019-10-16,0.10201233053439003
2019-10-17,0.09317534056725758
2019-10-18,0.09379554201009833
2019-10-19,0.11230967250300324
2019-10-20,0.13042485411642504
2019-10-21,0.08592759930735905
2019-10-22,0.0789064081565498
2019-10-23,0.07634053421979581
2019-10-24,0.09036662549795077
2019-10-25,0.11131807891849986
2019-10-26,0.08849594737780248
2019-10-27,0.10015491349958588
2019-10-28,0.09464308793407758
2019-10-29,0.07312663591936897
2019-10-30,0.09677333025697717
2019-10-31,0.11212446356092035
2019-11-01,0.12434260623833186
2019-11-02,0.11886299073936918
2019-11-03,0.1491425831765025
2019-11-04,0.10861285237933284
2019-11-05,0.0991894752252119
2019-11-06,0.09176212624624056
2019-11-07,0.07856627708741963
2019-11-08,0.07814045670178929
2019-11-09,0.08493994877479344
2019-11-10,0.08143471914811266
2019-11-11,0.08399238654441543
2019-11-12,0.09395769697448235
2019-11-13,0.12964337739113263
2019-11-14,0.08739792045130948
2019-11-15,0.11521093107135089
2019-11-16,0.07684787513370406
2019-11-17,0.09946387216735476
2019-11-18,0.12859052838262683
2019-11-19,0.10626081233078141
2019-11-20,0.10380973562240292
2019-11-21,0.09812226704388544
2019-11-22,0.09356844691366673
2019-11-23,0.1066539584270938
2019-11-24,0.09706680049709548
2019-11-25,0.09794967655249517
2019-11-26,0.09999969145378428
2019-11-27,0.10275866338763354
2019-11-28,0.08991526422285519
2019-11-29,0.10066587145235527
2019-11-30,0.1461883217280478
2019-12-01,0.10279829984532132
2019-12-02,0.09162468097715709
2019-12-03,0.10528562436241508
2019-12-04,0.0936211419462105
2019-12-05,0.09953979293135728
2019-12-06,0.09911935447402061
2019-12-07,0.10067151208832278
2019-12-08,0.0876182103802673
2019-12-09,0.09888762659557672
2019-12-10,0.1003813527389942
2019-12-11,0.10808989087622163
2019-12-12,0.10522404192315545
2019-12-13,0.1227941274393467
2019-12-14,0.082820409044797
2019-12-15,0.0948873052887349
2019-12-16,0.07428680799941367
2019-12-17,0.0871409366065125
2019-12-18,0.09450527268954767
2019-12-19,0.11440483689978238
2019-12-20,0.11096934302230511
2019-12-21,0.13409867400808256
2019-12-22,0.11777753153937431
2019-12-23,0.12462426588256457
2019-12-24,0.09428362611991437
2019-12-25,0.1360422563259751
2019-12-26,0.09291362410755552
2019-12-27,0.1253826385154389
2019-12-28,0.1257545639219674
2019-12-29,0.09808362943630597
2019-12-30,0.11313606224829816
2019-12-31,0.10532670094187525
2020-01-01,0.09392407027578765
2020-01-02,0.12386457517910786
2020-01-03,0.07557041988118228
2020-01-04,0.06400610028672414
2020-01-05,0.09124897590358332
2020-01-06,0.12767441537986404
2020-01-07,0.1050581157990013
2020-01-08,0.1156989540103546
2020-01-09,0.12421328890379564
2020-01-10,0.10035761476910918
2020-01-11,0.0954571794259654
2020-01-12,0.11388410746259679
2020-01-13,0.07170377728450524
2020-01-14,0.07319038048695366
2020-01-15,0.07874383283435642
2020-01-16,0.11758371348338051
2020-01-17,0.10851475350679243
2020-01-18,0.11469715141911596
2020-01-19,0.1146315178564224
2020-01-20,0.09893591295470612
2020-01-21,0.07972036408964488
2020-01-22,0.08854706862477765
2020-01-23,0.10203312136290626
2020-01-24,0.0960895305434671
2020-01-25,0.11593618855844416
2020-01-26,0.13216513112168954
2020-01-27,0.1012380310176158
2020-01-28,0.1423918183653831
2020-01-29,0.1269217334469367
2020-01-30,0.11657712465291299
2020-01-31,0.12850441106268873
2020-02-01,0.1512259517260553
2020-02-02,0.1487812813546199
2020-02-03,0.1229098826938295
2020-02-04,0.11458835444774947
2020-02-05,0.13687482087511102
2020-02-06,0.10948991561993923
2020-02-07,0.13540928474913222
2020-02-08,0.10314358935327012
2020-02-09,0.1348438522302777
2020-02-10,0.09879372112482923
2020-02-11,0.107707654170002
2020-02-12,0.11287970562688494
2020-02-13,0.08731142631570235
2020-02-14,0.0912515575981514
2020-02-15,0.09491395154899947
2020-02-16,0.09587353832349528
2020-02-17,0.09322878706132469
2020-02-18,0.10081107192479052
2020-02-19,0.09962218739543657
2020-02-20,0.11753067586372751
2020-02-21,0.10396569953573762
2020-02-22,0.09527364925282619
2020-02-23,0.0807239512550771
2020-02-24,0.10881648597426012
2020-02-25,0.1001295560598058
2020-02-26,0.09905234973203648
2020-02-27,0.11026889372342137
2020-02-28,0.07102155148737951
2020-02-29,0.08443645087432845
2020-03-01,0.1343434023967009
2020-03-02,0.1271173588203856
2020-03-03,0.12293604488781237
2020-03-04,0.11411522966157232
2020-03-05,0.10693270172139281
2020-03-06,0.07619727539881088
2020-03-07,0.09849446059350028
2020-03-08,0.09649968599911021
2020-03-09,0.06530675063846696
2020-03-10,0.08502653098233323
2020-03-11,0.0885250224602579
2020-03-12,0.06058598152823122
2020-03-13,0.0748542084236732
2020-03-14,0.06940820796625559
2020-03-15,0.06546866446034905
2020-03-16,0.045535713929392416
2020-03-17,0.06589083126812152
2020-03-18,0.06962676673627577
2020-03-19,0.06553735045534566
2020-03-20,0.09300212875367288
2020-03-21,0.08097539883515703
2020-03-22,0.062107763949408874
2020-03-23,0.04587425774230611
2020-03-24,0.06996005687285357
2020-03-25,0.06260750474116303
2020-03-26,0.07270537163648913
2020-03-27,0.05286354013483541
2020-03-28,0.062211999942233545
2020-03-29,0.06473622723181427
2020-03-30,0.08739222310261355
2020-03-31,0.08006325010491282
2020-04-01,0.08017663685773796
2020-04-02,0.12416874475332827
2020-04-03,0.10175546322038176
2020-04-04,0.12143030228964267
2020-04-05,0.09396648209908966
2020-04-06,0.11656643378263988
2020-04-07,0.09028183718946099
2020-04-08,0.10400019379859941
2020-04-09,0.09337467039606255
2020-04-10,0.0894190613401395
2020-04-11,0.10403706096505327
2020-04-12,0.10077767114414583
2020-04-13,0.1252845039632521
2020-04-14,0.13190537488656093
2020-04-15,0.08736124633439728
2020-04-16,0.1128518197914037
2020-04-17,0.10060106212077322
2020-04-18,0.1283405658755266
2020-04-19,0.10148794843265371
2020-04-20,0.08500333913697555
2020-04-21,0.10716518359391064
2020-04-22,0.11380176630288168
2020-04-23,0.12855187064522897
2020-04-24,0.12395643287701737
2020-04-25,0.10875869337349947
2020-04-26,0.10517679924386204
2020-04-27,0.12797977854496373
2020-04-28,0.11608463725813661
2020-04-29,0.11451611723358933
2020-04-30,0.11851229992248738
2020-05-01,0.10110322138061308
2020-05-02,0.11310492156713768
2020-05-03,0.10311779798960698
2020-05-04,0.11080359906391579
2020-05-05,0.13003628438761178
2020-05-06,0.13359567055207752
2020-05-07,0.14726822092664266
2020-05-08,0.13358590919125232
2020-05-09,0.11302928413530228
2020-05-10,0.09064100463806025
2020-05-11,0.15351481294321379
2020-05-12,0.11287040185944486
2020-05-13,0.11762669906865979
2020-05-14,0.10837731997031068
2020-05-15,0.0970817692455043
2020-05-16,0.09662461839973453
2020-05-17,0.10680473274215982
2020-05-18,0.09003246993574776
2020-05-19,0.13583398362205698
2020-05-20,0.12349886803159718
2020-05-21,0.1224228217422857
2020-05-22,0.1153205713448022
2020-05-23,0.12237130029552726
2020-05-24,0.13573985434546987
2020-05-25,0.10315754282224794
2020-05-26,0.12404333235883053
2020-05-27,0.11297638061810346
2020-05-28,0.11554467613237962
2020-05-29,0.11028886959018115
2020-05-30,0.1453744607466277
2020-05-31,0.11535267497528047
2020-06-01,0.1271196711900602
2020-06-02,0.12194596771406982
2020-06-03,0.09703369482654976
2020-06-04,0.10256472755422112
2020-06-05,0.11183930256061908
2020-06-06,0.14975293948310478
2020-06-07,0.11475481017024106
2020-06-08,0.13259150230767347
2020-06-09,0.10675405029155374
2020-06-10,0.12448424848708418
2020-06-11,0.1170561654395621
2020-06-12,0.09669024102497094
2020-06-13,0.08590553110528684
2020-06-14,0.10421364482355693
2020-06-15,0.1296251463244767
2020-06-16,0.1280878236990083
2020-06-17,0.1377410189694104
2020-06-18,0.11391290066817757
2020-06-19,0.06782777226116116
2020-06-20,0.0701243310371756
2020-06-21,0.0892221728583112
2020-06-22,0.11988339407628328
2020-06-23,0.1384615526748121
2020-06-24,0.1131427613622228
2020-06-25,0.0851153180395735
2020-06-26,0.0491981470626305
2020-06-27,0.057482887489073764
2020-06-28,0.10353259592723617
2020-06-29,0.10891567263673858
2020-06-30,0.09422433063568489
2020-07-01,0.11626680760360511
2020-07-02,0.10648299481082873
2020-07-03,0.1291117504649635
2020-07-04,0.1440292658107979
2020-07-05,0.11535931410771028
2020-07-06,0.09965580741092811
2020-07-07,0.1270347113323497
2020-07-08,0.16226839797705597
2020-07-09,0.14046724923717158
2020-07-10,0.11556941486608671
2020-07-11,0.14012011103953545
2020-07-12,0.13013732281810284
2020-07-13,0.09024335585269858
2020-07-14,0.1240360009616303
2020-07-15,0.07223569987701844
2020-07-16,0.05557310214587543
2020-07-17,0.07694356434146549
2020-07-18,0.09880866349741832
2020-07-19,0.06797447163681405
2020-07-20,0.10430325868141828
2020-07-21,0.10941564072647642
2020-07-22,0.09753965569677128
2020-07-23,0.12079220896856249
2020-07-24,0.12299762231286764
2020-07-25,0.1465910346939843
2020-07-26,0.13726482756890612
2020-07-27,0.14629412019254276
2020-07-28,0.1358658583788044
2020-07-29,0.13580177009896588
2020-07-30,0.1278356218741119
2020-07-31,0.15777008985882315
2020-08-01,0.14816824463137007
2020-08-02,0.11829514358035277
2020-08-03,0.10132860437958643
2020-08-04,0.12129352103613696
2020-08-05,0.13331793098705125
2020-08-06,0.13879917260844296
2020-08-07,0.13139097818597098
2020-08-08,0.12433343101529287
2020-08-09,0.1311607600806496
2020-08-10,0.12926621083714152
2020-08-11,0.12582570120377531
2020-08-12,0.1436035911733971
2020-08-13,0.11229801814216005
2020-08-14,0.1334602067200514
2020-08-15,0.14029208551902167
2020-08-16,0.1300870500132853
2020-08-17,0.1196810125619302
2020-08-18,0.13084770100864931
2020-08-19,0.15501435747950792
2020-08-20,0.1389681886920394
2020-08-21,0.17653041625252955
2020-08-22,0.13017146154214215
2020-08-23,0.14361658148334175
2020-08-24,0.09310467430664741
2020-08-25,0.12021684739579563
2020-08-26,0.14510564672268098
2020-08-27,0.10018908845335932
2020-08-28,0.12018227819445483
2020-08-29,0.1381269349793488
2020-08-30,0.11997649593794768
2020-08-31,0.11486235394425529
2020-09-01,0.10572919600888535
2020-09-02,0.11334898214530262
2020-09-03,0.11451144707309406
2020-09-04,0.12145165549727208
2020-09-05,0.10404021718599568
2020-09-06,0.12226039172732708
2020-09-07,0.10015271707635404
2020-09-08,0.1265452022649691
2020-09-09,0.10621375977480002
2020-09-10,0.09674111434973405
2020-09-11,0.12050678039254287
2020-09-12,0.1192155044248449
2020-09-13,0.09902347095843286
2020-09-14,0.13253750919397372
2020-09-15,0.10447096598645822
2020-09-16,0.11375207299194964
2020-09-17,0.12101933204320642
2020-09-18,0.11603818756805503
2020-09-19,0.12357431882204412
2020-09-20,0.12032365238586196
2020-09-21,0.11917080729642836
2020-09-22,0.0808405345211792
2020-09-23,0.09317354426083627
2020-09-24,0.13747255032857802
2020-09-25,0.10015702680796155
2020-09-26,0.10742475321433773
2020-09-27,0.11692753017874723
2020-09-28,0.12061708160565801
2020-09-29,0.1414084340206616
2020-09-30,0.13052670782406317
2020-10-01,0.11918296807797606
2020-10-02,0.12641826857101637
2020-10-03,0.07660322907612765
2020-10-04,0.08255619766652453
2020-10-05,0.138646434366148
2020-10-06,0.06954362010220175
2020-10-07,0.08037039147968833
2020-10-08,0.1121396743692772
2020-10-09,0.1209869422987893
2020-10-10,0.1132231646939404
2020-10-11,0.1090778998954842
2020-10-12,0.1054035082919933
2020-10-13,0.10241945218705585
2020-10-14,0.11088983613020176
2020-10-15,0.11985562821489665
2020-10-16,0.12318248051346696
2020-10-17,0.13192819343706436
2020-10-18,0.12810253099370736
2020-10-19,0.11331102939219244
2020-10-20,0.12043162393866028
2020-10-21,0.1292469023166636
2020-10-22,0.11043660182585814
2020-10-23,0.11089404092538746
2020-10-24,0.1339914788176205
2020-10-25,0.12415245479083328
2020-10-26,0.13332813294890128
2020-10-27,0.1366576274791095
2020-10-28,0.12374064939965618
2020-10-29,0.11026233283236751
2020-10-30,0.1583688426503643
2020-10-31,0.15387443621103053
2020-11-01,0.12507636248883555
2020-11-02,0.11852014506970868
2020-11-03,0.12243148487441224
2020-11-04,0.1429474864936805
2020-11-06,0.0984735400151037
2020-11-07,0.12459812353715627
2020-11-08,0.11722127982428575
2020-11-09,0.13352761815343323
2020-11-10,0.13176835101142553
2020-11-11,0.10708257369472667
2020-11-12,0.1304409323116767
2020-11-13,0.16249176797367598
2020-11-14,0.09835300916854044
2020-11-15,0.11375144340392593
2020-11-16,0.11324765642930049
2020-11-17,0.13720452532777272
2020-11-18,0.12971751363857495
2020-11-19,0.1409712338965349
2020-11-20,0.13474123984991887
2020-11-21,0.12070768783652978
2020-11-22,0.11600430572100438
2020-11-23,0.10768200742486157
2020-11-24,0.13641612066045217
2020-11-25,0.13373824617276173
2020-11-26,0.12912246019950507
2020-11-27,0.12500922379116225
2020-11-28,0.11001984664448783
2020-11-29,0.13528151823147833
2020-11-30,0.15370175621981402
2020-12-01,0.13417995071141384
2020-12-02,0.1257570738145462
2020-12-03,0.12442055721835621
2020-12-04,0.10562972184453817
2020-12-05,0.10428021622809841
2020-12-06,0.11226402346460103
2020-12-07,0.12488850958166592
2020-12-08,0.12094473388129844
2020-12-09,0.13225644200920753
2020-12-10,0.12555041188410876
2020-12-11,0.13289817299919535
2020-12-12,0.13962682142699073
2020-12-13,0.11679722963160802
2020-12-14,0.1001861926830911
2020-12-15,0.12326007202927014
2020-12-16,0.15042253469229633
2020-12-17,0.14185220264504464
2020-12-18,0.12877606205096684
2020-12-19,0.12284352163702551
2020-12-20,0.13396044259657025
2020-12-21,0.133492148131171
2020-12-22,0.12741302934627483
2020-12-23,0.09876176347697957
2020-12-24,0.12264887413116586
2020-12-25,0.12524476267231174
2020-12-26,0.14117620875563075
2020-12-27,0.12823016829329117
2020-12-28,0.12933517178924528
2020-12-29,0.1355608307290837
2020-12-30,0.1363986350174115
2020-12-31,0.13705080944223377
2021-01-01,0.14447702736014634
2021-01-02,0.13361205560514172
2021-01-03,0.1340421619539123
2021-01-04,0.1352504777742424
2021-01-05,0.1461653689959036
2021-01-06,0.13564636530690788
2021-01-07,0.14335388978117689
2021-01-08,0.14402862486095952
2021-01-09,0.13702360147106843
2021-01-10,0.15744073056660843
2021-01-11,0.13157008132495307
2021-01-12,0.12489336214028995
2021-01-13,0.1279797710506452
2021-01-14,0.12335248372608318
2021-01-15,0.11583158873949101
2021-01-16,0.1140799726037464
2021-01-17,0.11622133551607296
2021-01-18,0.13539742359554205
2021-01-19,0.13437401734329973
2021-01-20,0.12271142019092093
2021-01-21,0.1044025201592088
2021-01-22,0.11454279185442044
2021-01-23,0.10682707185529562
2021-01-24,0.12245517576919854
2021-01-27,0.11627193780353245
2021-01-28,0.12326814772705047
2021-01-29,0.1555382120554457
2021-01-30,0.14934647048414998
2021-01-31,0.1540829593022358
2021-02-01,0.1528296414256849
2021-02-02,0.16073979316816076
2021-02-03,0.1408590866373407
2021-02-07,0.12880530728925985
2021-02-08,0.13888554163711223
2021-02-09,0.14552152743228236
2021-02-10,0.14107173186145108
2021-02-11,0.128083419733008
2021-02-12,0.12835057144418002
2021-02-13,0.13769965462461717
2021-02-14,0.14051247818615345
2021-02-15,0.1315252668343373
2021-02-16,0.13396830955222835
2021-02-17,0.1415566774820637
2021-02-18,0.16412685116230652
2021-02-19,0.1482712473699912
2021-02-20,0.13794937418387934
2021-02-21,0.1335328525837263
2021-02-22,0.13287550297124628
2021-02-23,0.11988827212204299
2021-02-24,0.12157230722900167
2021-02-25,0.11172343323175644
2021-02-26,0.12405771168722948
2021-02-27,0.14793604346571354
2021-03-02,0.11275154770639562
2021-03-03,0.13243317297585683
2021-03-04,0.12866636050288474
2021-03-05,0.07793656662375524
2021-03-07,0.11237895585923441
2021-03-08,0.1393572616438206
2021-03-09,0.14102669011143243
2021-03-10,0.1300667710859848
2021-03-11,0.1391898276892365
2021-03-12,0.1067672161391529
2021-03-13,0.14671318861410004
2021-03-14,0.11951022077456985
2021-03-15,0.12846208055099578
2021-03-16,0.13223354912248628
2021-03-17,0.13201449207331906
2021-03-27,0.1103946802243801
2021-03-28,0.10542290350548293
2021-03-29,0.11100275456702682
2021-03-30,0.10655003728980088
2021-03-31,0.11778104541484888
2021-04-01,0.11745975111076182
2021-04-02,0.1353108117635031
2021-04-03,0.11303079396340725
2021-04-04,0.12922580290692626
2021-04-05,0.14435569152025793
2021-04-06,0.14229082227023765
2021-04-07,0.12747560278772244
2021-04-08,0.1323467000285042
2021-04-09,0.09219597713899323
2021-04-14,0.12038656169728652
2021-04-15,0.11639880641981373
2021-04-16,0.12214158053639744
2021-04-17,0.12881580103081267
2021-04-18,0.12785961958213818
2021-04-19,0.12753235376066932
2021-04-20,0.13635182601899534
2021-04-21,0.1176315366140107
2021-04-22,0.11035964326465779
2021-04-23,0.11826556921277748
2021-04-24,0.10748245493202782
2021-04-25,0.10599784807174017
2021-04-26,0.13166166496468293
2021-04-27,0.13278009212571767
2021-04-28,0.11284073272915468
2021-04-29,0.11668813298591732
2021-04-30,0.11710346414165897
2021-05-01,0.09640702162886321
2021-05-02,0.1043087496065095
2021-05-03,0.08505308945102624
2021-05-04,0.09956626684293297
2021-05-05,0.12039801195615799
2021-05-06,0.12526800137428368
2021-05-07,0.10600046325718589
2021-05-08,0.10657421146947034
2021-05-09,0.10290540983487716
